NTD ID,Agency Name,City,State,Primary UZA Name,UACE Code,UZA Area SQ Miles,UZA Population,1991,1992,1993,1994,1995,1996,1997,1998,1999,2000,2001,2002,2003,2004,2005,2006,2007,2008,2009,2010,2011,2012,2013,2014,2015,2016,2017,2018,2019
00001,King County (KCM) - Metro Transit Department,Seattle,WA,"Seattle--Tacoma, WA",80389,982.52,3544011,107259912.0,57939276.0,49882746.0,44364058.0,52653822.0,72383086.0,106127216.0,52832089.0,139542252.0,69186188.0,39313840.0,111608444.0,112914852.0,238871097.0,69870233.0,56921595.0,68363581.0,101408907.0,106449735.0,85707258.0,270975706.0,182801317.0,108158262.0,119910857.0,165187456.0,272555995.0,187914680.0,359151314.0,230691361.0
00003,Pierce County Transportation Benefit Area Authority,Lakewood,WA,"Seattle--Tacoma, WA",80389,982.52,3544011,14642298.0,25394666.0,6921863.0,10305823.0,11365526.0,7115111.0,16008540.0,18506881.0,19751031.0,30020082.0,5484909.0,12351347.0,5897912.0,21187249.0,21286910.0,14490799.0,19873001.0,23593869.0,13182990.0,13841193.0,8520528.0,6540446.0,10954708.0,16267984.0,17767301.0,14404101.0,13656384.0,32322861.0,32602693.0
00005,City of Everett (ET),Everett,WA,"Seattle--Tacoma, WA",80389,982.52,3544011,2435902.0,1639540.0,1737593.0,980062.0,258830.0,1287163.0,2377636.0,531844.0,8392458.0,11581624.0,23512768.0,7708710.0,1825787.0,226671.0,697869.0,4548879.0,5042180.0,1862287.0,4902828.0,524474.0,2485975.0,1525667.0,6151377.0,129723.0,308900.0,766675.0,3307388.0,5735438.0,6236867.0
00023,City of Seattle (SMS),Seattle,WA,"Seattle--Tacoma, WA",80389,982.52,3544011,716046.0,194997.0,66816.0,0.0,0.0,0.0,244355.0,0.0,0.0,0.0,0.0,1048779.0,0.0,0.0,0.0,602000.0,934803.0,0.0,1990528.0,478759.0,556649.0,573677.0,558692.0,168959.0,510908.0,206646.0,223180.0,882896.0,408231.0
00028,County of Pierce,Tacoma,WA,"Seattle--Tacoma, WA",80389,982.52,3544011,1643.0,247392.0,3187387.0,2754417.0,369474.0,127200.0,5849379.0,1012415.0,61463.0,5152.0,172731.0,21523.0,100203.0,1631386.0,2924642.0,10433163.0,183660.0,0.0,152960.0,32754.0,199825.0,1021207.0,110536.0,844814.0,677398.0,534713.0,867668.0,2659591.0,217853.0
00029,Snohomish County Public Transportation Benefit Area Corporation (CT),Everett,WA,"Seattle--Tacoma, WA",80389,982.52,3544011,8412767.0,912074.0,1111190.0,1168580.0,7860044.0,2424820.0,4876621.0,15793510.0,5292758.0,11240007.0,1346213.0,111745.0,20510894.0,6214645.0,25159454.0,7790344.0,23173884.0,33295244.0,37381038.0,28313151.0,26362612.0,7070598.0,18173104.0,11083521.0,37751531.0,27482031.0,62493633.0,55437950.0,53361134.0
00035,Washington State Ferries (WSF),Olympia,WA,"Seattle--Tacoma, WA",80389,982.52,3544011,51140808.0,55681539.0,59146309.0,83135471.0,69549733.0,84506982.0,127184018.0,96236062.0,119469784.0,107310196.0,51881470.0,76353753.0,84238568.0,70450011.0,108415105.0,90289816.0,94050826.0,65414130.0,91867054.0,131520749.0,157900621.0,83856489.0,150644754.0,134927818.0,123529056.0,177666253.0,152955172.0,185749696.0,169132241.0
00002,Spokane Transit Authority (STA),Spokane,WA,"Spokane, WA",83764,171.67,447279,4898773.0,3630895.0,3827731.0,14815629.0,7338464.0,1398058.0,8528933.0,1209859.0,981604.0,2207854.0,4184809.0,3896770.0,10081769.0,4070415.0,7680759.0,10351244.0,14380293.0,12195672.0,9933532.0,8290021.0,6587913.0,13506324.0,6600663.0,11286027.0,12185428.0,13129882.0,14201694.0,24513861.0,25375441.0
00006,City of Yakima (YT),Yakima,WA,"Yakima, WA",97507,55.77,133145,1091802.0,1476533.0,3064490.0,1756270.0,55943.0,64309.0,374563.0,233996.0,900187.0,46357.0,221811.0,2391540.0,216578.0,1132722.0,476035.0,2253651.0,14751.0,1970188.0,632514.0,2201087.0,422159.0,294088.0,174543.0,1685672.0,17827.0,2171211.0,2137869.0,200524.0,515648.0
00007,Lane Transit District (LTD),Eugene,OR,"Eugene, OR",28117,73.49,270179,5233609.0,326358.0,521254.0,6133712.0,879111.0,2915121.0,6657195.0,8979626.0,7631248.0,2470419.0,3104699.0,4991367.0,10172437.0,13382342.0,10299343.0,13324106.0,17860328.0,11411443.0,12302886.0,29438471.0,12542961.0,19652084.0,3187931.0,11059519.0,25224151.0,47383898.0,36159620.0,10826381.0,3170209.0
00008,Tri-County Metropolitan Transportation District of Oregon,Portland,OR,"Portland, OR--WA",71317,519.3,2104238,28847752.0,29858630.0,59823113.0,122284322.0,242609263.0,248493209.0,245440527.0,214054131.0,110784221.0,128460333.0,118076762.0,139640179.0,130738567.0,85969537.0,39618160.0,63097691.0,190018209.0,317524313.0,220062423.0,75502796.0,114548135.0,253206209.0,390090742.0,390603282.0,249339260.0,133678688.0,83909190.0,117040858.0,170351758.0
00024,Clark County Public Transportation Benefit Area Authority,Vancouver,WA,"Portland, OR--WA",71317,519.3,2104238,1750540.0,620978.0,1042359.0,1184642.0,10208386.0,7293040.0,6366474.0,2201682.0,8191857.0,4004121.0,4363432.0,1067009.0,13524966.0,5471110.0,2571721.0,4718527.0,12192175.0,15608214.0,6038880.0,7075971.0,1420694.0,1726517.0,1368945.0,8090649.0,10434259.0,63027322.0,10274104.0,25709174.0,10171612.0
00011,Valley Regional Transit (VRT),Meridian,ID,"Boise City, ID",08785,139.23,433180,14058.0,23005.0,498091.0,96005.0,4830113.0,1654675.0,711272.0,1851719.0,525522.0,442959.0,2785249.0,4201916.0,684667.0,253288.0,1013788.0,343970.0,444770.0,1368417.0,683528.0,505493.0,3296716.0,8083111.0,5572451.0,6205955.0,9702688.0,6311403.0,4848696.0,477924.0,1912546.0
00012,Municipality of Anchorage - Public Transportation,Anchorage,AK,"Anchorage, AK",02305,91.69,249252,73305.0,32661.0,728350.0,989618.0,394175.0,5521393.0,1490573.0,1760015.0,10488084.0,1152881.0,1098527.0,2467421.0,1489681.0,3424432.0,3378221.0,3674619.0,4140227.0,11028708.0,4392362.0,11994470.0,6635775.0,4090349.0,7513084.0,2371856.0,1325671.0,1694834.0,2336655.0,2431744.0,2431593.0
00019,Intercity Transit (I.T.),Olympia,WA,"Olympia--Lacey, WA",65242,106.21,208157,992634.0,1351632.0,6072845.0,4665675.0,2830913.0,2757524.0,1102788.0,3861791.0,509813.0,633565.0,1282029.0,995937.0,1315533.0,4586485.0,10238482.0,4409223.0,11876828.0,3157712.0,3752318.0,6888665.0,4297448.0,12523504.0,3252303.0,8946698.0,1816887.0,2228551.0,4835423.0,7292980.0,27019047.0
00020,Kitsap County Public Transportation Benefit Area Authority (KT ),Bremerton,WA,"Bremerton, WA",09946,146.91,224449,2488158.0,341341.0,1317248.0,2771818.0,5171704.0,2569733.0,4262701.0,5982843.0,23939904.0,12825894.0,5852957.0,6446892.0,15238863.0,15141837.0,9586089.0,3102023.0,5278321.0,6354043.0,16950419.0,5941432.0,6819575.0,6215409.0,3371216.0,5126707.0,10579902.0,19342344.0,6803236.0,34758275.0,45203569.0
00021,Whatcom Transportation Authority (WTA),Bellingham,WA,"Bellingham, WA",06652,50.13,128979,0.0,661209.0,1006245.0,5828326.0,5214981.0,1503210.0,1403761.0,6296178.0,2902744.0,2912718.0,8105925.0,2731444.0,2126698.0,3038746.0,1440337.0,1884430.0,10084273.0,1946558.0,13211890.0,5311343.0,4458210.0,1819051.0,5837499.0,4006129.0,1857809.0,6073945.0,1562750.0,2915468.0,6791717.0
00025,Salem Area Mass Transit District (SAMTD or SKT),Salem,OR,"Salem, OR",78229,72.68,268331,282442.0,1348128.0,0.0,337648.0,57102.0,29785.0,3210249.0,1232562.0,2527712.0,807967.0,707707.0,397092.0,3879168.0,3794964.0,1358219.0,3886397.0,1236037.0,6847721.0,2839367.0,2153414.0,8253596.0,2846644.0,5076737.0,5515575.0,925379.0,1543458.0,810100.0,2217416.0,13135053.0
00034,Rogue Valley Transportation District (RVTD),Medford,OR,"Medford, OR",55981,63.02,171640,413924.0,58995.0,92493.0,1046885.0,2459872.0,18500.0,240427.0,396452.0,321304.0,112717.0,207602.0,39648.0,92302.0,0.0,3695409.0,1176687.0,284042.0,31758.0,39713.0,2272365.0,1766727.0,1035173.0,1867805.0,2024241.0,2199863.0,398406.0,675280.0,2213271.0,1871068.0
10001,Rhode Island Public Transit Authority (RIPTA),Providence,RI,"Providence, RI--MA",72505,544.25,1285806,11902381.0,4335818.0,10134003.0,3801893.0,5647479.0,3828704.0,4332484.0,9567813.0,19330978.0,17593414.0,33848881.0,23942300.0,6678576.0,7789346.0,5115961.0,10212102.0,4148859.0,4104084.0,17156157.0,24140010.0,48037461.0,5259042.0,33009482.0,5199740.0,3846090.0,14156483.0,18413820.0,6092588.0,10600528.0
10064,Greater Attleboro-Taunton Regional Transit Authority (GATRA),Taunton,MA,"Providence, RI--MA",72505,544.25,1285806,694070.0,1341545.0,3593518.0,464746.0,2380883.0,1048206.0,566423.0,1673962.0,1734139.0,1464401.0,1286395.0,2598363.0,3654264.0,2207814.0,1881188.0,3294763.0,2638695.0,2963650.0,2032294.0,6187116.0,3200919.0,5061000.0,5552952.0,6575999.0,3684017.0,5040876.0,4139345.0,3536159.0,4607597.0
10003,Massachusetts Bay Transportation Authority (MBTA) - Treasurer Controller,Boston,MA,"Boston, MA--NH",09271,1655.89,4382009,280259555.0,359013178.0,235433642.0,278639407.0,584512332.0,612319516.0,610559198.0,420970284.0,294355535.0,300296425.0,344202035.0,377981865.0,387302854.0,599948002.0,506953841.0,503798161.0,551398574.0,402930547.0,525137905.0,389397063.0,397441057.0,404873627.0,481106523.0,604375062.0,726688891.0,710457661.0,773742623.0,591096879.0,1065450453.0
10004,Brockton Area Transit Authority (BAT),Brockton,MA,"Boston, MA--NH",09271,1655.89,4382009,357314.0,5065738.0,321671.0,305653.0,613018.0,4116735.0,294324.0,1761584.0,2339455.0,551611.0,1287603.0,1193474.0,2290288.0,3265369.0,1112673.0,6915833.0,902261.0,2942235.0,291247.0,2018417.0,4159081.0,3129030.0,2221561.0,4598532.0,1042313.0,1210334.0,6272032.0,7656662.0,2064960.0
10005,Lowell Regional Transit Authority (LRTA),Lowell,MA,"Boston, MA--NH",09271,1655.89,4382009,509680.0,5767923.0,453003.0,688319.0,3074208.0,487375.0,500211.0,1314524.0,1983703.0,3471985.0,2835450.0,8023589.0,3043575.0,2024715.0,3951738.0,1384955.0,2804587.0,2853350.0,2999926.0,2015732.0,2786038.0,4836967.0,158641.0,3466458.0,6402972.0,2622862.0,7951223.0,1667988.0,4761411.0
10013,Merrimack Valley Regional Transit Authority (MEVA),Haverhill,MA,"Boston, MA--NH",09271,1655.89,4382009,2067625.0,401849.0,969616.0,1569690.0,1337891.0,4136696.0,443913.0,92956.0,1530522.0,7359330.0,2923180.0,989975.0,1512295.0,10272576.0,18340061.0,12121632.0,716603.0,2482521.0,4417057.0,1979838.0,17526955.0,11173709.0,660033.0,2120970.0,2479003.0,5539992.0,5217550.0,2908528.0,626234.0
10053,Cape Ann Transportation Authority (CATA),Gloucester,MA,"Boston, MA--NH",09271,1655.89,4382009,31293.0,37859.0,66703.0,33472.0,1128070.0,53632.0,0.0,30201.0,931760.0,1540406.0,122182.0,355423.0,1532061.0,643870.0,2600185.0,24548.0,222676.0,212041.0,69570.0,206663.0,875755.0,1022354.0,197000.0,182348.0,686510.0,838766.0,1349061.0,10590.0,988008.0
10008,Pioneer Valley Transit Authority (PVTA),Springfield,MA,"Springfield, MA--CT",83926,201.77,442145,2058033.0,1314357.0,11423576.0,838054.0,2229764.0,18034495.0,2602252.0,4560741.0,13523710.0,6946432.0,8683478.0,11916015.0,6619326.0,3692474.0,3658162.0,11613287.0,7459884.0,8271748.0,11496611.0,10912389.0,20341008.0,23625113.0,10357990.0,11315008.0,16916437.0,20875777.0,27679580.0,46770234.0,18024710.0
10014,Worcester Regional Transit Authority (WRTA),Worcester,MA,"Worcester, MA--CT",97291,260.29,482085,1023143.0,1196906.0,945257.0,2180281.0,1191679.0,9544482.0,5515451.0,13734024.0,16678724.0,5040416.0,2080379.0,2605431.0,936671.0,1442677.0,4736491.0,1262824.0,1400896.0,2275015.0,3257079.0,7861546.0,2157863.0,10798399.0,16781221.0,19255523.0,27679929.0,52135810.0,7421174.0,2924449.0,5504658.0
10017,Greater Hartford Transit District (GHTD),Hartford,CT,"Hartford, CT",37243,535.93,977158,5699998.0,3969735.0,4161412.0,5112752.0,12789879.0,5970589.0,5165160.0,5975264.0,5964891.0,1097778.0,1818265.0,1135993.0,1719461.0,1157003.0,2568841.0,1375580.0,4805325.0,1956913.0,1249426.0,4322391.0,2309545.0,2659861.0,9055421.0,6852382.0,10094731.0,18210753.0,24927802.0,7146754.0,4808299.0
10102,Connecticut Department of Transportation (CDOT),Newington,CT,"Hartford, CT",37243,535.93,977158,42369280.0,76879388.0,69870000.0,65292600.0,69093820.0,0.0,0.0,0.0,0.0,0.0,0.0,0.0,0.0,0.0,0.0,0.0,0.0,0.0,0.0,0.0,2088000.0,0.0,0.0,0.0,0.0,1111437.0,0.0,0.0,0.0
10049,Greater New Haven Transit District (GNHTD),Hamden,CT,"New Haven, CT",62407,298.01,561456,802168.0,628314.0,677485.0,177912.0,1642510.0,863922.0,1152510.0,1269382.0,793681.0,785756.0,1966637.0,1947751.0,3206955.0,1428463.0,1293547.0,2085796.0,4271101.0,1903463.0,1932962.0,1757520.0,1249689.0,1264456.0,994937.0,2156821.0,1665243.0,1905817.0,3128179.0,5783330.0,1736819.0
10055,Connecticut Department of Transportation - CTTRANSIT New Haven Division - New Haven,Hartford,CT,"New Haven, CT",62407,298.01,561456,0.0,0.0,0.0,0.0,0.0,0.0,0.0,0.0,0.0,5550736.0,0.0,0.0,0.0,22022021.0,617570.0,1681832.0,340518.0,738115.0,9992538.0,57624878.0,36838349.0,1088990.0,628399.0,2509380.0,4218091.0,3338739.0,467888.0,42795063.0,8227194.0
10050,Greater Bridgeport Transit Authority (GBT),Bridgeport,CT,"Bridgeport--Stamford, CT--NY",10162,397.29,916408,1230626.0,55093.0,8336566.0,128458.0,940902.0,396720.0,297907.0,3961938.0,1014313.0,1295003.0,971170.0,202484.0,428675.0,11529400.0,593996.0,2772852.0,216156.0,793996.0,3218497.0,892352.0,2510352.0,4747872.0,8765844.0,1440084.0,950529.0,1014000.0,22723440.0,4417566.0,2045881.0
10057,Norwalk Transit District,Norwalk,CT,"Bridgeport--Stamford, CT--NY",10162,397.29,916408,3539255.0,157769.0,550727.0,15827.0,5194775.0,1980303.0,1093114.0,264120.0,2672765.0,820936.0,9826341.0,6126498.0,32664.0,7166745.0,401177.0,123268.0,1705124.0,132526.0,2800403.0,2081918.0,2672507.0,1344395.0,383833.0,1377075.0,3526029.0,5654802.0,520812.0,1121526.0,2048324.0
10051,Housatonic Area Regional Transit ,Danbury,CT,"Danbury, CT--NY",22096,118.49,171680,165231.0,635823.0,2347833.0,842274.0,1701754.0,3010312.0,5551604.0,2836677.0,182542.0,40835.0,308737.0,3671813.0,1323354.0,435755.0,288921.0,216941.0,2126587.0,3622646.0,419163.0,810715.0,159648.0,508070.0,188730.0,1393789.0,5991389.0,823837.0,2744099.0,564723.0,153149.0
10061,Montachusett Regional Transit Authority (MART),Fitchburg,MA,"Leominster--Fitchburg, MA",49096,52.93,111790,353428.0,681346.0,591187.0,568666.0,287265.0,2134250.0,3539595.0,469058.0,1130420.0,1403285.0,3084396.0,2275202.0,1396260.0,7289823.0,10643791.0,3469826.0,2682150.0,3942741.0,3929505.0,4888520.0,4271707.0,5389105.0,9552565.0,5104446.0,3125647.0,3887011.0,2623372.0,2874694.0,4617291.0
10066,Green Mountain Transit Authority (GMT),Burlington,VT,"Burlington, VT",11755,62.01,118032,84538.0,2852469.0,160288.0,143333.0,163441.0,287586.0,1593353.0,3673001.0,927249.0,203396.0,2076443.0,1260817.0,2087659.0,877141.0,1365840.0,1140299.0,1091885.0,4812488.0,5993408.0,4488705.0,1887092.0,4186341.0,4973844.0,2040507.0,3181200.0,8264739.0,3260835.0,6392952.0,3546563.0
10087,City of Nashua (NTS) - Transportation Department,Nashua,NH,"Nashua, NH--MA",61165,195.56,242984,27301.0,47690.0,384833.0,149760.0,104978.0,282480.0,283701.0,167998.0,516420.0,78983.0,448908.0,2697388.0,98324.0,29216.0,264954.0,2338744.0,2415991.0,324473.0,207020.0,1160990.0,136287.0,2435.0,132797.0,11251.0,422162.0,327783.0,0.0,3988488.0,732705.0
10088,Casco Bay Island Transit District (CBITD),Portland,ME,"Portland, ME",71263,123.88,205356,132590.0,90420.0,580090.0,757485.0,39820.0,110406.0,166035.0,75660.0,255710.0,153532.0,72853.0,0.0,0.0,0.0,0.0,0.0,508695.0,102549.0,89859.0,68580.0,55639.0,165312.0,499031.0,7028255.0,1410147.0,540981.0,613600.0,1599713.0,1437580.0
20004,Niagara Frontier Transportation Authority (NFTA),Buffalo,NY,"Buffalo, NY",11350,340.5,948864,9002310.0,17720900.0,10179182.0,17918067.0,6758642.0,17659107.0,18278696.0,4501315.0,9791144.0,12114509.0,11879512.0,23082892.0,18057001.0,8607999.0,18718000.0,11007000.0,22715145.0,22581000.0,8561000.0,19247961.0,32496001.0,28929348.0,21573166.0,13482047.0,13177301.0,25970363.0,34221523.0,37864920.0,27382892.0
20008,MTA New York City Transit (NYCT),Brooklyn,NY,"New York--Jersey City--Newark, NY--NJ",63217,3248.12,19426449,1140634343.0,904768225.0,909386705.0,891262124.0,1001523000.0,1116870000.0,1381990559.0,1510961453.0,1686506150.0,1623945410.0,2063191152.0,2566756796.0,2417000159.0,2319542359.0,2112399084.0,2162896434.0,2464086716.0,3291028354.0,3843273984.0,3274415444.0,2731118032.0,3218292149.0,2885346747.0,2703612843.0,2972675795.0,2733958550.0,2938292071.0,3619868747.0,3999859000.0
20072,Suffolk County (SCT) - Public Works,Yaphank,NY,"New York--Jersey City--Newark, NY--NJ",63217,3248.12,19426449,5303458.0,2023482.0,9783510.0,2147666.0,636743.0,10093603.0,4651989.0,375391.0,4641629.0,10495653.0,966266.0,1261767.0,2428098.0,2194064.0,17203655.0,1602487.0,1944916.0,907979.0,5231802.0,2114752.0,29027545.0,1398411.0,1571106.0,3141439.0,4200419.0,2114683.0,29171872.0,4734094.0,16708487.0
20076,Westchester County - Department of Public Works and Transportation,White Plains,NY,"New York--Jersey City--Newark, NY--NJ",63217,3248.12,19426449,912670.0,2784173.0,12008787.0,5179146.0,20290714.0,3166131.0,2035430.0,38852579.0,5134762.0,27167528.0,3998058.0,6958338.0,19244670.0,7647984.0,10823918.0,30096240.0,8257732.0,14007770.0,49620361.0,7650028.0,5842397.0,7341563.0,5800529.0,2290632.0,2933775.0,3159954.0,18048694.0,56499073.0,40116896.0
20078,"Metro-North Commuter Railroad Company, dba: MTA Metro-North Railroad (MTA-MNCR)",New York,NY,"New York--Jersey City--Newark, NY--NJ",63217,3248.12,19426449,194069863.0,142020656.0,108033139.0,144793403.0,242458830.0,261900264.0,276889037.0,235183698.0,234940263.0,156444390.0,219023773.0,334327703.0,281700447.0,427221412.0,455323985.0,379988482.0,356730921.0,475329856.0,381950760.0,263899121.0,181479035.0,274329259.0,314311002.0,270068866.0,272830986.0,360116887.0,424761723.0,464955572.0,567449874.0
20080,New Jersey Transit Corporation (NJ TRANSIT),Newark,NJ,"New York--Jersey City--Newark, NY--NJ",63217,3248.12,19426449,211516537.0,171829372.0,207344240.0,296952510.0,359424431.0,479721148.0,519001656.0,415757000.0,412504682.0,500328055.0,722103498.0,545542399.0,810077871.0,730932629.0,631269253.0,662587167.0,585564704.0,977119760.0,640422236.0,880737718.0,303339438.0,500528120.0,637079703.0,534955449.0,484913316.0,457819345.0,464213657.0,465693686.0,710006990.0
20082,New York City Department of Transportation (NYCDOT),New York,NY,"New York--Jersey City--Newark, NY--NJ",63217,3248.12,19426449,15065817.0,39488537.0,18368855.0,64247646.0,29190063.0,32963697.0,22885569.0,18930987.0,75302267.0,37647668.0,22524171.0,107707721.0,157717217.0,168368738.0,205777326.0,28544992.0,26816621.0,30107118.0,24525857.0,42852774.0,49279960.0,63933294.0,76489447.0,69645007.0,52327074.0,38226130.0,33384909.0,37446585.0,54283535.0
20084,County of Rockland (TOR) - Public Transportation - Transport of Rockland,New City,NY,"New York--Jersey City--Newark, NY--NJ",63217,3248.12,19426449,3648868.0,3861380.0,4188945.0,0.0,5499998.0,5710843.0,5990450.0,6372200.0,6814277.0,6932669.0,8719356.0,85422.0,257985.0,3275114.0,6969259.0,907483.0,1294568.0,537948.0,3317411.0,13960093.0,30302.0,141868.0,42676.0,1433243.0,2880046.0,132028.0,0.0,6791439.0,3168822.0
20096,"Putnam County (PART) - Planning, Development & Public Transportation ",Carmel,NY,"New York--Jersey City--Newark, NY--NJ",63217,3248.12,19426449,51200.0,42000.0,101274.0,0.0,0.0,0.0,0.0,746852.0,0.0,0.0,0.0,1000704.0,0.0,115128.0,187800.0,136000.0,136000.0,433392.0,477717.0,0.0,111955.0,349860.0,0.0,0.0,0.0,0.0,607019.0,463923.0,438772.0
20098,Port Authority Trans-Hudson Corporation (PATH),New York,NY,"New York--Jersey City--Newark, NY--NJ",63217,3248.12,19426449,0.0,54115000.0,44718000.0,37246000.0,37202000.0,29983000.0,38529000.0,37408000.0,48465000.0,49501000.0,66168000.0,241943000.0,512374000.0,187890653.0,206208787.0,294313320.0,503931376.0,644715551.0,747867436.0,744950030.0,731339330.0,713344095.0,618225598.0,514750074.0,268428377.0,454030119.0,274428399.0,342176082.0,358230789.0
20099,Staten Island Rapid Transit Operating Authority (SIRTOA),Staten Island,NY,"New York--Jersey City--Newark, NY--NJ",63217,3248.12,19426449,4841682.0,4587308.0,4807223.0,4229479.0,4947174.0,3975016.0,4140514.0,2754505.0,758432.0,442021.0,1096896.0,1198560.0,1681264.0,1834634.0,1194847.0,419288.0,305729.0,900514.0,575531.0,192530.0,946315.0,1826424.0,0.0,0.0,35786024.0,82672594.0,48871355.0,57932293.0,100228390.0
20100,MTA Long Island Rail Road (MTA LIRR),New York,NY,"New York--Jersey City--Newark, NY--NJ",63217,3248.12,19426449,126101391.0,190221588.0,180542274.0,200620353.0,198925145.0,142104477.0,191244583.0,306030848.0,555232998.0,407768612.0,472771210.0,457176891.0,542376754.0,501266045.0,710828969.0,614341280.0,414815139.0,341778167.0,403752259.0,388201975.0,255619328.0,370394208.0,274309688.0,328472248.0,428282337.0,486639746.0,611699216.0,1028651046.0,1305856724.0
20010,Dutchess County - Public Transit Division/Department of Public Works,Poughkeepsie,NY,"Poughkeepsie--Newburgh, NY",71803,209.92,314766,5473639.0,394400.0,512935.0,3260000.0,0.0,1445211.0,851732.0,1688886.0,0.0,2052069.0,514018.0,497800.0,44424.0,851960.0,83347.0,300990.0,80390.0,40477.0,2283213.0,791361.0,2959059.0,1273050.0,881305.0,4061431.0,3217003.0,8375294.0,4293933.0,198606.0,91935.0
20018,Central New York Regional Transportation Authority (CNYRTA),Syracuse,NY,"Syracuse, NY",86302,180.53,413660,612245.0,5776346.0,2547829.0,731742.0,802335.0,3360582.0,4750358.0,11157756.0,4377735.0,12857209.0,13887107.0,3921589.0,2431648.0,2892612.0,13694216.0,2121863.0,6112857.0,1864297.0,10439403.0,13019547.0,8804347.0,12327773.0,28184363.0,4331415.0,3427268.0,6448433.0,12224226.0,17510308.0,7456988.0
20075,Port Authority Transit Corporation (PATCO),Camden,NJ,"Philadelphia, PA--NJ--DE--MD",69076,1898.19,5696125,0.0,3048335.0,3830239.0,3684385.0,4522734.0,9147688.0,11961619.0,15311347.0,10816001.0,3686207.0,5690790.0,14236643.0,11519204.0,7886436.0,6178133.0,14037893.0,10953909.0,14418532.0,6754152.0,13208857.0,35243024.0,27683097.0,18849795.0,15439669.0,42125310.0,2138671.0,9323081.0,31118487.0,58331244.0
30019,Southeastern Pennsylvania Transportation Authority (SEPTA),Philadelphia,PA,"Philadelphia, PA--NJ--DE--MD",69076,1898.19,5696125,159354896.0,246431607.0,253627361.0,236693383.0,268458718.0,253830488.0,311645431.0,268074894.0,279683004.0,305053716.0,288407546.0,365862298.0,342559544.0,355595786.0,315561779.0,342675417.0,356712181.0,430234169.0,481919807.0,426512572.0,389072048.0,316176195.0,286204294.0,278590312.0,445872376.0,546313456.0,557341851.0,665640006.0,608430871.0
30057,Pennsylvania Department of Transportation (PENNDOT),Harrisburg,PA,"Philadelphia, PA--NJ--DE--MD",69076,1898.19,5696125,0.0,0.0,0.0,0.0,0.0,0.0,0.0,0.0,0.0,2986535.0,0.0,121362.0,6725194.0,8170434.0,14037871.0,12552305.0,10428181.0,0.0,0.0,2460308.0,5611563.0,4391464.0,13911612.0,9555292.0,18187395.0,43112398.0,23111548.0,22692786.0,37660512.0
20113,Regional Transit Service (RTS) - Monroe County,Rochester,NY,"Rochester, NY",75664,291.83,704327,0.0,0.0,6326568.0,2613860.0,377769.0,15491440.0,8873315.0,2894530.0,9591451.0,10376044.0,14226220.0,5914824.0,10367533.0,3207636.0,10221685.0,12416927.0,7613832.0,11404121.0,11300901.0,27629509.0,14536576.0,22706055.0,35205925.0,55237763.0,12900798.0,10445779.0,16056299.0,7672415.0,11091636.0
30001,Kanawha Valley Regional Transportation Authority (KVRTA),Charleston,WV,"Charleston, WV",15481,92.92,140958,131800.0,117700.0,472776.0,276149.0,54483.0,938185.0,797913.0,3200008.0,1075720.0,3996573.0,806592.0,979810.0,1251682.0,6924638.0,410605.0,437865.0,1723455.0,447288.0,497909.0,6317689.0,1077914.0,1047030.0,410953.0,4634487.0,1088211.0,484069.0,2692700.0,3859396.0,652197.0
30002,The Tri-State Transit Authority (TTA),Huntington,WV,"Huntington, WV--KY--OH",40753,128.87,200157,40608.0,198580.0,64834.0,497592.0,343223.0,756840.0,302229.0,3539009.0,679631.0,275173.0,1125122.0,2621938.0,5584832.0,14762938.0,11509783.0,264210.0,298284.0,612.0,0.0,6214951.0,1368201.0,116325.0,1639264.0,2685824.0,1364807.0,1110949.0,190181.0,2125585.0,887652.0
30006,Greater Richmond Transit Company (GRTC),Richmond,VA,"Richmond, VA",74746,512.35,1059150,5919213.0,216237.0,307761.0,648505.0,1322545.0,751722.0,10829383.0,3958530.0,11082040.0,2204700.0,12911928.0,6141049.0,2806702.0,11100700.0,1988582.0,4280922.0,4436637.0,7928442.0,28025764.0,26193230.0,7662477.0,1807587.0,8502510.0,25846593.0,5895695.0,5068163.0,36911671.0,47236416.0,13525004.0
30007,Greater Roanoke Transit Company (GRTC),Roanoke,VA,"Roanoke, VA",75421,125.5,217312,262047.0,2057726.0,126264.0,144951.0,3709910.0,-36739.0,47312.0,249427.0,195165.0,351800.0,455882.0,3008450.0,616177.0,2951166.0,1034562.0,1505488.0,6064269.0,1003324.0,1244912.0,2756591.0,946014.0,441928.0,466107.0,3703180.0,1282758.0,531980.0,1185929.0,2364722.0,4998522.0
30008,Greater Lynchburg Transit Company (GLTC),Lynchburg,VA,"Lynchburg, VA",52201,91.6,125596,0.0,277641.0,1046333.0,17333.0,8161.0,1224341.0,330219.0,2418483.0,302058.0,199349.0,404169.0,3560424.0,112523.0,144642.0,792473.0,321344.0,976325.0,4959083.0,6052368.0,1844697.0,8079932.0,4512284.0,2791049.0,7770547.0,1151378.0,12052980.0,10653960.0,1380683.0,422702.0
30010,Lehigh and Northampton Transportation Authority (LANTA),Allentown,PA,"Allentown--Bethlehem, PA--NJ",01495,261.55,621703,482779.0,1515057.0,1249731.0,1653203.0,1280635.0,3603435.0,976430.0,1012436.0,7150068.0,2337251.0,2083925.0,9623795.0,3440961.0,2507704.0,5315126.0,1516253.0,4419424.0,1980319.0,990449.0,6799589.0,4216840.0,4021100.0,16149176.0,10108436.0,2600636.0,5458654.0,948878.0,12851134.0,8962082.0
30011,Altoona Metro Transit,Altoona,PA,"Altoona, PA",01792,37.01,74426,31676.0,226492.0,2202551.0,81561.0,290636.0,205897.0,208310.0,237468.0,315822.0,1034833.0,853603.0,195103.0,118987.0,235734.0,2228988.0,263571.0,342718.0,250231.0,2309633.0,2295444.0,1110353.0,182579.0,2162935.0,298113.0,86803.0,622592.0,1089755.0,3975705.0,5570818.0
30012,Cambria County Transit Authority,Johnstown,PA,"Johnstown, PA",43291,34.7,61521,547459.0,291562.0,445375.0,1699698.0,783690.0,417971.0,1705858.0,604259.0,681862.0,4098249.0,1192908.0,266313.0,1397010.0,771581.0,1080120.0,1456562.0,2776940.0,2321234.0,535239.0,1860339.0,529052.0,3172835.0,1466076.0,16385097.0,4678327.0,643212.0,2834428.0,2694883.0,7140353.0
30013,Erie Metropolitan Transit Authority (EMTA),Erie,PA,"Erie, PA",27766,73.34,187820,1263696.0,294139.0,360814.0,208189.0,2218340.0,541090.0,3929489.0,1066002.0,5506487.0,4334608.0,4025530.0,10016635.0,1772826.0,1300965.0,475016.0,3781517.0,1119074.0,2504408.0,2693545.0,3040810.0,4095337.0,1969972.0,7090899.0,7826276.0,22245993.0,6283425.0,6404322.0,14479521.0,9802587.0
30015,Luzerne County Transportation Authority (LCTA),Kingston,PA,"Scranton, PA",80227,162.16,366713,215997.0,106447.0,141230.0,188138.0,145575.0,101915.0,233424.0,3199983.0,1506799.0,141479.0,192424.0,779593.0,2089791.0,4895398.0,6721657.0,3168278.0,1141741.0,130177.0,46102.0,1929888.0,3083674.0,51784.0,5491275.0,280690.0,132218.0,732187.0,579416.0,42932.0,1655928.0
30025,County of Lackawanna Transit System (COLTS),Scranton,PA,"Scranton, PA",80227,162.16,366713,76285.0,411329.0,84183.0,863727.0,347267.0,176386.0,696054.0,181424.0,191245.0,3263582.0,3300264.0,517390.0,1785209.0,216383.0,983531.0,1845026.0,1974243.0,63536.0,698124.0,167529.0,3287520.0,414193.0,6952099.0,2116755.0,3170485.0,6714542.0,689065.0,2347639.0,6136590.0
30022,Pittsburgh Regional Transit (PRT),Pittsburgh,PA,"Pittsburgh, PA",69697,906.64,1745039,43617917.0,64327202.0,54395392.0,73341566.0,75585072.0,73529554.0,128475596.0,91745588.0,118749564.0,104840079.0,114182848.0,210238216.0,165159889.0,122131687.0,142756827.0,61231272.0,129334847.0,135219693.0,148489387.0,171653580.0,173827957.0,131908177.0,66698006.0,66727060.0,64409253.0,83960166.0,95480034.0,123458608.0,93991460.0
30023,Beaver County Transit Authority (BCTA),Rochester,PA,"Pittsburgh, PA",69697,906.64,1745039,2499997.0,615440.0,448554.0,987228.0,699147.0,594795.0,620714.0,3032108.0,525611.0,5059565.0,6856340.0,7268673.0,280519.0,219949.0,1520538.0,269741.0,137727.0,6465591.0,455269.0,745581.0,1392753.0,3517605.0,1506142.0,3954736.0,663112.0,1498103.0,1158849.0,7266978.0,4429739.0
30044,Westmoreland County Transit Authority (WCTA),Greensburg,PA,"Pittsburgh, PA",69697,906.64,1745039,60933.0,41096.0,1333007.0,43259.0,288271.0,161651.0,8022.0,1939028.0,2168953.0,1072.0,10804.0,9985.0,1411666.0,1593646.0,319346.0,2195197.0,39784.0,8132.0,1823134.0,2581982.0,4891693.0,6754591.0,800485.0,3986122.0,657983.0,1314339.0,1059239.0,4845035.0,4528484.0
30026,River Valley Transit Authority (RVTA),Williamsport,PA,"Williamsport, PA",95455,27.72,55344,582709.0,75403.0,47241.0,525260.0,269524.0,55583.0,1232380.0,1126116.0,2670972.0,5366176.0,3755342.0,141950.0,1384257.0,751349.0,151800.0,1714349.0,452469.0,665087.0,2071089.0,7746869.0,15804418.0,3854319.0,2260248.0,6932020.0,1890367.0,6096003.0,1640644.0,7909435.0,528013.0
30030,Washington Metropolitan Area Transit Authority (WMATA),Washington,DC,"Washington--Arlington, DC--VA--MD",92242,1294.51,5174759,353380276.0,260480840.0,261554649.0,278212405.0,587585562.0,378192775.0,413815352.0,414088043.0,302576817.0,314903757.0,406725270.0,537730225.0,409521192.0,451105307.0,233749813.0,542157422.0,576888944.0,533805608.0,444096152.0,443971408.0,582828768.0,450036801.0,528104936.0,418867948.0,1058886552.0,949990939.0,589826508.0,757516197.0,929940442.0
30051,"Montgomery County, Maryland (MCDOT) - Transportation",Rockville,MD,"Washington--Arlington, DC--VA--MD",92242,1294.51,5174759,237364.0,2256696.0,2279641.0,8477369.0,6404000.0,2211440.0,0.0,1105720.0,0.0,6295160.0,6032740.0,9986990.0,1771701.0,7417080.0,2868339.0,5622522.0,10733605.0,4935461.0,8688428.0,29013470.0,398283.0,11230470.0,140169.0,26086126.0,13403740.0,27220324.0,141798.0,34220187.0,21457376.0
30034,Maryland Transit Administration (MTA),Baltimore,MD,"Baltimore, MD",04843,654.93,2212038,188459600.0,205888258.0,121120729.0,94234885.0,117908307.0,140535913.0,102379930.0,127997960.0,121593727.0,124464339.0,133319045.0,183393902.0,157533398.0,195541611.0,219783779.0,196980990.0,106713220.0,157119860.0,216777850.0,266655842.0,289409903.0,344106368.0,354698665.0,356658939.0,409951204.0,331231861.0,368443222.0,303022209.0,242872275.0
30035,Ohio Valley Regional Transportation Authority (OVRTA / EORTA),Wheeling,WV,"Wheeling, WV--OH",94726,36.81,57695,102359.0,115070.0,158171.0,445141.0,1533121.0,1030306.0,8545249.0,2778865.0,937792.0,857876.0,673814.0,225736.0,261818.0,587130.0,128528.0,584757.0,455226.0,267898.0,132399.0,1685133.0,541207.0,401107.0,23535.0,18924.0,1003449.0,9103.0,43170.0,594942.0,41743.0
30054,Centre Area Transportation Authority (CATA),State College,PA,"State College, PA",84493,25.92,83674,1502759.0,155613.0,299973.0,33152.0,265657.0,4521653.0,3537030.0,3708434.0,496068.0,744513.0,4283667.0,818529.0,1052894.0,1238443.0,1073469.0,380750.0,1014082.0,2023983.0,2581869.0,1439360.0,3098349.0,13713684.0,2366371.0,2924584.0,10428388.0,13731964.0,14988112.0,5689016.0,10042054.0
40001,Chattanooga Area Regional Transportation Authority (CARTA),Chattanooga,TN,"Chattanooga, TN--GA",15832,291.7,398569,360136.0,1121878.0,3090483.0,8979969.0,4590915.0,9811009.0,2828842.0,2976810.0,3203254.0,3411076.0,4512344.0,6623549.0,2512454.0,2406351.0,1504642.0,4092498.0,2347744.0,3873380.0,9511347.0,5274668.0,4844965.0,3229295.0,4299377.0,8241946.0,1211765.0,2030149.0,1471674.0,2256408.0,3566291.0
40002,City of Knoxville (KAT) - Mass Transit,Knoxville,TN,"Knoxville, TN",45640,431.91,597257,569893.0,557469.0,991733.0,800885.0,481950.0,1151428.0,6490399.0,2084817.0,2618344.0,3042890.0,4281269.0,4611146.0,7713693.0,9062530.0,7041390.0,2827216.0,538724.0,1719835.0,17111849.0,12581108.0,11628621.0,5561257.0,4945837.0,4371000.0,531593.0,1925469.0,776024.0,8455234.0,993605.0
40003,City of Memphis (MATA),Memphis,TN,"Memphis, TN--MS--AR",56116,491.27,1056190,6129382.0,26443379.0,11619040.0,2216463.0,9093632.0,4766615.0,12231962.0,21363678.0,11299310.0,21388675.0,6511841.0,23174635.0,43762287.0,19557497.0,5293346.0,8143382.0,2450782.0,5481014.0,2334852.0,19913322.0,25783817.0,10580256.0,12347933.0,15677493.0,4596124.0,6581294.0,9753985.0,10915499.0,7004046.0
40004,Metropolitan Transit Authority (MTA),Madison,TN,"Nashville-Davidson, TN",61273,584.95,1158642,991278.0,8873138.0,3221354.0,1401467.0,2241703.0,2467957.0,7626541.0,5921733.0,8753438.0,7682026.0,10134675.0,1462800.0,1493753.0,10059565.0,16931830.0,11032534.0,15825865.0,32863122.0,23683808.0,4491090.0,45947830.0,12955423.0,32550387.0,19923943.0,17553112.0,8762832.0,6497914.0,20463303.0,58374793.0
40006,Cape Fear Public Transportation Authority,Wilmington,NC,"Wilmington, NC",95833,142.25,255329,1793495.0,94875.0,3056.0,39109.0,52384.0,66523.0,114942.0,154644.0,99098.0,571515.0,177011.0,0.0,3499754.0,5118304.0,595541.0,0.0,1085859.0,2745971.0,576242.0,2586036.0,6328209.0,565991.0,994243.0,4820681.0,7125641.0,2832203.0,682292.0,1926800.0,5228699.0
40007,City of Raleigh - Transit,Raleigh,NC,"Raleigh, NC",73261,554.82,1106646,227579.0,52633.0,148488.0,490445.0,567677.0,942748.0,3813375.0,575260.0,2124977.0,2087453.0,5015595.0,185259.0,5327493.0,301358.0,4150787.0,425824.0,104107.0,5533678.0,12769606.0,7210125.0,16698844.0,3074939.0,1609923.0,737586.0,9746073.0,2428717.0,7087327.0,2684138.0,16116008.0
40008,City of Charlotte North Carolina (CATS) - Charlotte Area Transit System,Charlotte,NC,"Charlotte, NC--SC",15670,657.61,1379873,3292541.0,9741841.0,1331245.0,381381.0,3502346.0,2775931.0,10745712.0,10035547.0,17256577.0,15914402.0,21542508.0,26995165.0,37882909.0,117847961.0,86284032.0,188155286.0,178961130.0,67593101.0,58966075.0,46580978.0,38865484.0,47049193.0,97836270.0,133464263.0,256834386.0,303225878.0,233115220.0,116113457.0,75978722.0
40009,City of Fayetteville (FAST) - Transit,Fayetteville,NC,"Fayetteville, NC",29440,195.92,325008,83779.0,204400.0,284349.0,385600.0,752797.0,266283.0,1754833.0,837656.0,2507338.0,426816.0,845293.0,308756.0,74133.0,47454.0,198786.0,74905.0,159865.0,2303481.0,809945.0,1835441.0,4482277.0,3772895.0,2063332.0,2476416.0,2567673.0,6215352.0,6512712.0,623657.0,1527460.0
40012,City of Winston Salem (WSTA) - Department of Transportation,Winston Salem,NC,"Winston-Salem, NC",96670,310.79,420924,180803.0,814285.0,1026410.0,1325327.0,1526634.0,4576711.0,8835991.0,630319.0,1653942.0,839991.0,6426804.0,2636584.0,218971.0,869820.0,467321.0,948261.0,1489963.0,970128.0,830117.0,8913013.0,7426066.0,569377.0,400878.0,3668781.0,611100.0,9241184.0,2375096.0,455437.0,3101158.0
40015,"City of Jackson, MS (JTRAN) - Planning/Transit Services",Jackson,MS,"Jackson, MS",42211,237.16,347693,146986.0,367031.0,0.0,413631.0,0.0,0.0,339473.0,1844880.0,1073740.0,3458690.0,3793610.0,1000000.0,0.0,0.0,0.0,0.0,1151028.0,0.0,437672.0,5203213.0,3999623.0,6657701.0,1423178.0,4922907.0,0.0,2111755.0,839476.0,2360317.0,1102413.0
40017,Lexington Transit Authority,Lexington,KY,"Lexington-Fayette, KY",49582,83.99,315631,246978.0,859006.0,273647.0,126748.0,84314.0,501733.0,807803.0,1837638.0,3135107.0,569951.0,3367385.0,213332.0,670662.0,4725074.0,2282593.0,1918137.0,316942.0,4272842.0,896454.0,1525391.0,5628790.0,3400098.0,2313169.0,742554.0,2979567.0,12688033.0,9379195.0,3452486.0,224412.0
40019,Transit Authority of Northern Kentucky (TANK),Covington,KY,"Cincinnati, OH--KY",16885,752.28,1686744,206102.0,2568968.0,6393679.0,653490.0,4100974.0,249585.0,15566.0,2853932.0,1955795.0,260000.0,4461316.0,1508311.0,4953332.0,349424.0,3717796.0,4109834.0,4520157.0,4856261.0,3391889.0,6438445.0,1669400.0,5208688.0,7026262.0,5936539.0,4956554.0,4876557.0,7276514.0,4605729.0,5102920.0
50012,Southwest Ohio Regional Transit Authority (SORTA),Cincinnati,OH,"Cincinnati, OH--KY",16885,752.28,1686744,2372490.0,586501.0,3169780.0,5852919.0,9834875.0,19424942.0,26556643.0,17305465.0,10804686.0,7850399.0,17767613.0,15909358.0,10881871.0,11638353.0,7133320.0,18564621.0,3322671.0,11618488.0,34786201.0,10744958.0,23021160.0,23101174.0,20794378.0,3824070.0,20839256.0,12369534.0,1325499.0,4435334.0,31558015.0
40021,City of Albany (ATS) - Albany Transit Department ,Albany,GA,"Albany, GA",00901,66.51,85960,96397.0,211822.0,235503.0,51068.0,35537.0,381698.0,111215.0,502340.0,258612.0,386517.0,633326.0,1040312.0,506375.0,585897.0,497674.0,341097.0,938944.0,1377979.0,334901.0,646379.0,302190.0,2682832.0,350755.0,1200548.0,435657.0,766364.0,3461286.0,3168003.0,516511.0
40022,Metropolitan Atlanta Rapid Transit Authority (MARTA),Atlanta,GA,"Atlanta, GA",03817,2553.04,5100112,197355718.0,129446748.0,89652692.0,85249690.0,139433500.0,212335765.0,97248428.0,140816886.0,198910742.0,242594587.0,262577069.0,225710064.0,239200561.0,184242038.0,174880357.0,213809015.0,195255381.0,257496870.0,204510733.0,137487618.0,103446819.0,147771026.0,171402573.0,237755158.0,218664084.0,158687878.0,141480048.0,244424367.0,298912284.0
40078,Cobb County - Transit Division,Marietta,GA,"Atlanta, GA",03817,2553.04,5100112,1008670.0,852732.0,617046.0,8813102.0,198959.0,1055094.0,694865.0,2133999.0,3582229.0,3800470.0,5574763.0,9010613.0,1940680.0,8127393.0,2986266.0,5569042.0,10924438.0,5214503.0,3186816.0,9561752.0,3541291.0,4112618.0,5444603.0,1461702.0,1874639.0,20192816.0,16675040.0,12076758.0,5095613.0
40082,County of Douglas - Department of Transportation,Douglasville,GA,"Atlanta, GA",03817,2553.04,5100112,327000.0,47223.0,0.0,94719.0,187789.0,125640.0,0.0,345763.0,488592.0,248404.0,189.0,2076685.0,251320.0,950417.0,316634.0,1137117.0,298377.0,310378.0,322374.0,254591.0,37308.0,31631.0,374162.0,24227.0,1051741.0,413275.0,520043.0,483666.0,1176013.0
40023,Augusta Richmond County Transit Department (AT) - Transit,Augusta,GA,"Augusta-Richmond County, GA--SC",04222,273.29,431480,1307527.0,690906.0,1305530.0,206862.0,0.0,480531.0,228257.0,58456.0,1149263.0,869161.0,1282360.0,0.0,251103.0,1554887.0,1358042.0,200777.0,40983.0,104413.0,680040.0,1696434.0,2442966.0,573916.0,482972.0,82043.0,169009.0,2174213.0,2324926.0,9848037.0,6035348.0
40025,Chatham Area Transit Authority (CAT),Savannah,GA,"Savannah, GA",79768,205.85,309466,2211583.0,655201.0,720888.0,2137013.0,1211681.0,2831021.0,1358519.0,1549415.0,1923499.0,2122951.0,1242424.0,1309352.0,4259489.0,1360891.0,1041148.0,1080901.0,3563551.0,1181879.0,1012479.0,5832298.0,6443345.0,12359731.0,8405869.0,3757073.0,6231602.0,1569694.0,3467599.0,1021117.0,13743627.0
40027,Pinellas Suncoast Transit Authority (PSTA),Saint Petersburg,FL,"Tampa--St. Petersburg, FL",86599,968.94,2783045,580182.0,5696989.0,5421162.0,6826740.0,2619256.0,1858089.0,15313119.0,2834577.0,1564550.0,4123358.0,16071334.0,7174250.0,13728933.0,18237540.0,20612526.0,19263464.0,8593925.0,10075553.0,6427804.0,11770084.0,4444863.0,10879322.0,15555810.0,1052867.0,14994301.0,1372304.0,14695528.0,9849947.0,21755504.0
40041,Hillsborough Area Regional Transit Authority (HART),Tampa,FL,"Tampa--St. Petersburg, FL",86599,968.94,2783045,980850.0,1400405.0,1535670.0,3460753.0,1369737.0,5816120.0,2142980.0,2194614.0,10750043.0,23583733.0,17433601.0,23545872.0,23114067.0,8889586.0,6513074.0,11347862.0,14739671.0,14005436.0,15023431.0,17050151.0,7092210.0,9184062.0,32033108.0,10244699.0,11720793.0,12285779.0,9943461.0,8421557.0,14565935.0
40074,Pasco County Board of County Commissioners - Pasco County Public Transportation,New Port Richey,FL,"Tampa--St. Petersburg, FL",86599,968.94,2783045,349668.0,43851.0,17556.0,320606.0,13498.0,2034453.0,518852.0,179393.0,464478.0,238029.0,230232.0,575359.0,373694.0,690382.0,194324.0,1445424.0,1373467.0,1443174.0,203182.0,1816163.0,4888602.0,311566.0,1521757.0,2753543.0,579246.0,2480475.0,792697.0,5039157.0,3375421.0
40028,Lee County - Public Transportation,Fort Myers,FL,"Cape Coral, FL",13510,331.8,599242,25497.0,95491.0,43690.0,654294.0,2162233.0,666737.0,6045004.0,369813.0,1320916.0,3132667.0,3205648.0,3982101.0,2080814.0,434565.0,1340312.0,1236415.0,1657913.0,2145369.0,4519873.0,12878456.0,8105259.0,3525091.0,22053391.0,23122591.0,9014587.0,10185651.0,4530874.0,3644886.0,5123039.0
40029,Broward County Board of County Commissioners (BCT),Fort Lauderdale,FL,"Miami--Fort Lauderdale, FL",56602,1244.18,6077522,9675537.0,7670148.0,5722135.0,1636224.0,1892643.0,9631495.0,16003953.0,6818140.0,13291471.0,23142792.0,11644691.0,9759037.0,13708841.0,9670467.0,4890500.0,15237683.0,14359183.0,35211357.0,12424486.0,25754836.0,38694761.0,27823833.0,40752448.0,21733258.0,59596498.0,22523502.0,7321142.0,52572681.0,7960553.0
40034,County of Miami-Dade (DTPW) - Transportation & Public Works,Miami,FL,"Miami--Fort Lauderdale, FL",56602,1244.18,6077522,48277211.0,110233894.0,53718847.0,33763339.0,87526356.0,43572758.0,42192313.0,34362238.0,48057294.0,54890645.0,67126605.0,65566755.0,63480589.0,90269790.0,79359640.0,141065862.0,174514606.0,180792717.0,187447482.0,137872310.0,64498715.0,54913207.0,66169757.0,56471370.0,90214174.0,100453175.0,102831465.0,148265087.0,235194027.0
40037,"Board of County Commissioners, Palm Beach County",West Palm Beach,FL,"Miami--Fort Lauderdale, FL",56602,1244.18,6077522,727600.0,1277457.0,4444412.0,1618381.0,12725635.0,7502358.0,6847322.0,5328395.0,7222975.0,1150158.0,16174866.0,3788814.0,1978405.0,2572316.0,4553292.0,7950902.0,9438623.0,3519576.0,10404713.0,9353902.0,18064123.0,14552945.0,9413720.0,7807147.0,10601571.0,3916889.0,3415795.0,7831407.0,7923272.0
40030,"City of Gainesville, FL (RTS) - Regional Transit System",Gainesville,FL,"Gainesville, FL",32167,87.7,213748,535638.0,29439.0,134691.0,129567.0,2921680.0,1322838.0,1327738.0,454803.0,1385521.0,1046214.0,2224059.0,2398153.0,840833.0,276971.0,3441863.0,2844690.0,2632617.0,4483975.0,2724188.0,7504660.0,1754497.0,4858407.0,17756813.0,22161486.0,6251962.0,6356727.0,5245685.0,7337552.0,2385870.0
40031,Lakeland Area Mass Transit District ,Lakeland,FL,"Lakeland, FL",46828,145.93,277915,974065.0,205742.0,2445840.0,61172.0,646046.0,257751.0,909514.0,585052.0,2701410.0,314954.0,2197287.0,2226714.0,707884.0,438429.0,590280.0,3422135.0,87333.0,437000.0,482983.0,3077400.0,839573.0,2416780.0,911892.0,1026453.0,594571.0,293881.0,2404581.0,338306.0,1954146.0
40035,Central Florida Regional Transportation Authority (LYNX),Orlando,FL,"Orlando, FL",65863,644.61,1853896,5473087.0,2368744.0,2682338.0,9871106.0,16311869.0,11125954.0,18277761.0,23394564.0,39229464.0,9336796.0,6845426.0,14222151.0,13750726.0,22106839.0,30664521.0,30114012.0,21911574.0,25935895.0,14503057.0,15676362.0,23886852.0,12494967.0,31631777.0,34285046.0,20393199.0,41410813.0,24311531.0,8197614.0,17902503.0
40036,City of Tallahassee - StarMetro,Tallahassee,FL,"Tallahassee, FL",86464,125.46,252934,1049300.0,759900.0,2448319.0,5610401.0,805422.0,307122.0,2472619.0,463381.0,284210.0,240670.0,3064672.0,181229.0,2605554.0,695430.0,2476232.0,450518.0,2805802.0,2022697.0,3751533.0,6049688.0,1406234.0,5959096.0,6372253.0,3452197.0,2366830.0,0.0,1712866.0,933927.0,11573594.0
40038,"Escambia County Board of County Commissioners, FL (ECAT)",Pensacola,FL,"Pensacola, FL--AL",68482,262.54,390172,187739.0,508474.0,2264895.0,224993.0,236806.0,2921741.0,320035.0,1071795.0,1493942.0,767747.0,247295.0,1120614.0,729411.0,782060.0,139042.0,1895240.0,1963970.0,183494.0,4601314.0,3913586.0,339308.0,162608.0,346766.0,1346887.0,4235604.0,751009.0,255794.0,754120.0,388599.0
40040,Jacksonville Transportation Authority (JTA),Jacksonville,FL,"Jacksonville, FL",42346,573.27,1247374,8754025.0,3315332.0,12745704.0,12361040.0,34199057.0,26952107.0,34232567.0,18512292.0,24025741.0,25906275.0,11684372.0,11223526.0,7307333.0,10515278.0,15180467.0,4462625.0,14396353.0,12956976.0,10818486.0,13664236.0,14459974.0,12514178.0,24244533.0,15835193.0,26610460.0,30066339.0,26803284.0,39745988.0,23639997.0
40043,City of Mobile (WTS),Mobile,AL,"Mobile, AL",57925,220.75,321907,94158.0,228119.0,140705.0,232526.0,488587.0,608116.0,437915.0,1710653.0,2118880.0,1273971.0,5788160.0,15886529.0,5871849.0,1204705.0,5312054.0,1966174.0,1078577.0,61744.0,1616405.0,6110187.0,2831311.0,5098562.0,1606545.0,871862.0,1176954.0,1293647.0,422018.0,484205.0,3173788.0
40044,City of Montgomery - Montgomery Transit,Montgomery,AL,"Montgomery, AL",58600,145.1,254348,1071216.0,1677911.0,2885599.0,1490440.0,650448.0,330023.0,222019.0,2042357.0,5732483.0,438866.0,345972.0,160870.0,2038978.0,2350686.0,3854262.0,7339565.0,4726646.0,1342385.0,5027459.0,5898191.0,6151111.0,1300938.0,414666.0,10060.0,725179.0,575003.0,16614.0,12650.0,136614.0
40047,Athens-Clarke County Unified Government (ACCTD) - Transit Department,Athens,GA,"Athens-Clarke County, GA",03763,91.85,143213,852919.0,195705.0,558942.0,433886.0,198038.0,261640.0,120647.0,78426.0,134121.0,747759.0,646755.0,1383993.0,267780.0,717381.0,893818.0,1748684.0,569872.0,1278916.0,737123.0,1425500.0,405143.0,2635783.0,4640817.0,611342.0,583626.0,1153264.0,407477.0,2908030.0,3847012.0
40051,Town of Chapel Hill - Transit,Chapel Hill,NC,"Durham, NC",25228,183.36,396118,2873211.0,488620.0,1050616.0,767081.0,1922478.0,4460607.0,2449525.0,381400.0,3538366.0,1036198.0,800100.0,7665164.0,1042295.0,883677.0,1270190.0,4580709.0,8161554.0,7861285.0,4406324.0,5552848.0,180118.0,1788582.0,9145906.0,174682.0,0.0,0.0,7631509.0,3112852.0,2681910.0
40087,City of Durham - Transportation Department,Durham,NC,"Durham, NC",25228,183.36,396118,5476520.0,5708971.0,327189.0,144088.0,349365.0,347332.0,203869.0,447974.0,625964.0,1924732.0,807460.0,20247.0,434617.0,90550.0,289925.0,233882.0,144088.0,346396.0,7290373.0,12475621.0,1217329.0,4348608.0,1051394.0,734696.0,168478.0,275003.0,276214.0,6561856.0,3284563.0
40057,Jackson Transit Authority (JTA),Jackson,TN,"Jackson, TN",42265,47.74,72809,472774.0,39460.0,528281.0,121711.0,30595.0,725842.0,137015.0,185049.0,367760.0,462965.0,1999972.0,636612.0,53279.0,192329.0,1179706.0,209049.0,66749.0,229203.0,211754.0,2431413.0,2132558.0,657905.0,308881.0,228478.0,890459.0,165106.0,38170.0,1102499.0,127452.0
40058,City of Rome (RTD) - Transit Department,Rome,GA,"Rome, GA",76204,44.89,60403,93030.0,228022.0,123456.0,57798.0,64140.0,76156.0,528043.0,603788.0,404173.0,646560.0,323280.0,530875.0,173027.0,54019.0,98924.0,1413774.0,656932.0,633114.0,1035497.0,758214.0,2776543.0,387526.0,332455.0,943377.0,287331.0,306875.0,894370.0,814728.0,564413.0
40063,Brevard Board of County Commissioners (SCAT),Titusville,FL,"Palm Bay--Melbourne, FL",67105,250.55,510675,742693.0,1673639.0,978177.0,2064744.0,994867.0,983302.0,2213908.0,404500.0,820288.0,1306531.0,2202108.0,1289305.0,2603068.0,2098662.0,1502693.0,1156726.0,41254.0,3752340.0,1803214.0,2317266.0,4640380.0,5105800.0,2384608.0,3118181.0,2685371.0,2525623.0,1016051.0,3883218.0,306114.0
40071,"City of Huntsville, Alabama - Public Transit",Huntsville,AL,"Huntsville, AL",40780,214.77,329066,17085.0,417280.0,27632.0,538741.0,260012.0,252635.0,395571.0,419805.0,433424.0,124915.0,1023155.0,120312.0,2381438.0,2045525.0,477766.0,173170.0,5293656.0,3689865.0,2698352.0,985933.0,1179164.0,183710.0,3179879.0,1126063.0,1980882.0,349345.0,1004209.0,227221.0,1492392.0
40086,Metropolitan Bus Authority (MBA),San Juan,PR,"San Juan, PR",79093,763.6,1844410,7248126.0,1885364.0,10728534.0,448103.0,1034729.0,7664114.0,18677678.0,6559450.0,10931396.0,22792456.0,2443802.0,4405623.0,11273707.0,4258396.0,12491732.0,13220064.0,274728.0,13019221.0,3780715.0,23134029.0,7191553.0,1889864.0,856024.0,203451.0,186867.0,296870.0,2686054.0,301884.0,4613120.0
50001,City of Appleton - Valley Transit,Appleton,WI,"Appleton, WI",02764,107.78,230967,49763.0,33920.0,1914026.0,2055821.0,182894.0,130460.0,188465.0,147123.0,218864.0,26897.0,143744.0,90233.0,37516.0,4317120.0,1232037.0,400866.0,15773.0,9639.0,317077.0,683307.0,516488.0,335860.0,168195.0,22718.0,0.0,0.0,1445465.0,893428.0,4518197.0
50002,City of Green Bay (GBM) - Transit,Green Bay,WI,"Green Bay, WI",34813,113.66,224156,53726.0,191096.0,528847.0,40139.0,1747729.0,420228.0,398634.0,2667054.0,1311332.0,5416912.0,935147.0,52342.0,2203651.0,745924.0,0.0,38305.0,78357.0,51226.0,3051485.0,909194.0,4125946.0,112847.0,226562.0,50676.0,1768908.0,301803.0,430261.0,2515209.0,1369956.0
50004,City of La Crosse (MTU) - Municipal Transit Utility,La Crosse,WI,"La Crosse, WI--MN",45910,42.24,98872,533193.0,840693.0,1025041.0,299174.0,1554606.0,37174.0,13580.0,106778.0,1070635.0,26988.0,1148774.0,1493883.0,59388.0,220758.0,1235513.0,170602.0,1957562.0,3753285.0,15978900.0,5572590.0,173147.0,38063.0,1832525.0,0.0,0.0,0.0,0.0,0.0,1657132.0
50005,City of Madison - Metro Transit,Madison,WI,"Madison, WI",53200,149.7,450305,2556995.0,1519225.0,2620684.0,4224967.0,4486536.0,4001002.0,5022656.0,5170538.0,1526294.0,8624378.0,5153991.0,4217298.0,7125096.0,8913161.0,5449167.0,5066509.0,3135374.0,1194106.0,11362602.0,8715556.0,4653491.0,5324763.0,1068053.0,12140773.0,6667368.0,6764493.0,7086846.0,9386493.0,14389194.0
50008,Milwaukee County (MCTS) - Transportation - Transit,Milwaukee,WI,"Milwaukee, WI",57466,463.68,1306795,22014976.0,19751592.0,3853751.0,8054565.0,4536411.0,29538486.0,13877259.0,5718900.0,2867287.0,27363275.0,20714887.0,18258673.0,14519622.0,8273347.0,4550295.0,1255985.0,1332030.0,1190977.0,1380810.0,25902896.0,17971758.0,18354072.0,24356760.0,19293787.0,14337193.0,16930612.0,9747594.0,2897580.0,16828797.0
50096,City of Waukesha - Transit Commission,Waukesha,WI,"Milwaukee, WI",57466,463.68,1306795,35789.0,60820.0,159496.0,885603.0,1718095.0,161538.0,163189.0,3438934.0,212083.0,279377.0,323173.0,1361905.0,2918813.0,9349167.0,455954.0,466707.0,1003822.0,1078666.0,124251.0,288638.0,595891.0,675740.0,510937.0,109250.0,3428798.0,1369235.0,940036.0,984375.0,1033709.0
50010,METRO Regional Transit Authority (METRO),Akron,OH,"Akron, OH",00766,300.64,541879,1125910.0,3852498.0,3468685.0,2800737.0,952676.0,2068951.0,3381989.0,13709299.0,10488866.0,9413442.0,5851743.0,10378304.0,8223462.0,3385654.0,3133260.0,4549247.0,3844892.0,15341978.0,8476150.0,13750328.0,10620360.0,17614265.0,14227595.0,17927286.0,12152894.0,14338895.0,9137379.0,4551519.0,1952536.0
50011,Stark Area Regional Transit Authority (SARTA),Canton,OH,"Canton, OH",13375,180.19,295319,280017.0,261416.0,1467102.0,77100.0,3087409.0,166575.0,915131.0,3632178.0,2439414.0,2690720.0,2855384.0,846830.0,3882943.0,3688125.0,6049905.0,3433400.0,2468699.0,2479959.0,1835512.0,6090357.0,4316757.0,8646468.0,3576037.0,3758951.0,4743513.0,17812156.0,4730490.0,2498433.0,4118336.0
50015,The Greater Cleveland Regional Transit Authority (GCRTA),Cleveland,OH,"Cleveland, OH",17668,713.81,1712178,34265603.0,39069316.0,38740202.0,62958615.0,68698761.0,68874029.0,87020088.0,57701839.0,45149096.0,48994591.0,50805731.0,66393055.0,59450782.0,50178291.0,57985633.0,86921519.0,85135340.0,97270003.0,69642210.0,95965986.0,22534304.0,33478431.0,70400163.0,61133321.0,87091044.0,54429122.0,59867823.0,90022998.0,48060853.0
50117,Laketran,Painesville,OH,"Cleveland, OH",17668,713.81,1712178,1112266.0,6923951.0,1330186.0,1309022.0,2839105.0,403112.0,8103231.0,6049694.0,1589659.0,4622064.0,4760282.0,2286862.0,5719200.0,1590450.0,2071662.0,6281575.0,3608922.0,1868722.0,4659899.0,6219246.0,1012811.0,1637940.0,2479557.0,2630568.0,2365575.0,10385223.0,3915652.0,5586364.0,3628700.0
50016,Central Ohio Transit Authority (COTA),Columbus,OH,"Columbus, OH",19234,516.16,1567254,11035991.0,3206550.0,17214207.0,2951333.0,21888769.0,3310886.0,3017790.0,4165141.0,14941801.0,11460373.0,32438831.0,5869628.0,6807608.0,12165834.0,10749067.0,6701443.0,12546371.0,23280124.0,41540965.0,41735295.0,28916774.0,40078274.0,38668136.0,40170245.0,37693153.0,21896323.0,51808437.0,12071839.0,53519707.0
50017,Greater Dayton Regional Transit Authority (GDRTA),Dayton,OH,"Dayton, OH",22528,319.89,674046,8308045.0,9796804.0,5718366.0,4384383.0,8301226.0,14082693.0,31558028.0,23835295.0,22911766.0,22643816.0,20785573.0,12160515.0,12678382.0,11495982.0,5320990.0,4281233.0,6989907.0,11719435.0,23258016.0,25996338.0,4109545.0,8967151.0,4832131.0,8854522.0,7605072.0,28388447.0,23397639.0,24017728.0,40101967.0
50022,Toledo Area Regional Transit Authority (TARTA),Toledo,OH,"Toledo, OH--MI",87868,240.71,497952,10698486.0,1479157.0,2594471.0,1594059.0,6549022.0,2708801.0,2755328.0,5236899.0,544447.0,6418124.0,1805253.0,2766352.0,14734183.0,1669015.0,4339019.0,903330.0,7386.0,3399377.0,924715.0,10487484.0,722969.0,14288333.0,6598302.0,327557.0,3432442.0,146926.0,1213552.0,5332682.0,1313968.0
50024,Western Reserve Transit Authority (WRTA),Youngstown,OH,"Youngstown, OH",97831,195.96,320901,206899.0,215430.0,436429.0,884431.0,315934.0,238162.0,3801811.0,525346.0,723880.0,5258985.0,5019145.0,458215.0,857092.0,528244.0,2850719.0,767758.0,333976.0,545391.0,2434574.0,2487816.0,2163943.0,979947.0,781286.0,4900261.0,2729756.0,7506164.0,6560478.0,4515913.0,2583040.0
50025,Duluth Transit Authority (DTA),Duluth,MN,"Duluth, MN--WI",24850,66.87,119411,1872236.0,49411.0,24963.0,204150.0,6221840.0,403426.0,2561999.0,138137.0,4492244.0,25912.0,1832567.0,4486028.0,758078.0,4021838.0,1385704.0,3640122.0,5218926.0,2439077.0,4997257.0,4839468.0,332591.0,951080.0,6296654.0,7158462.0,26449415.0,7322064.0,821731.0,13440253.0,2290580.0
50027,Metro Transit ,Minneapolis,MN,"Minneapolis--St. Paul, MN",57628,1014.79,2914866,11466611.0,10521559.0,13035408.0,38822647.0,33065019.0,12563785.0,9242735.0,62649150.0,67970662.0,92889738.0,182398725.0,201037941.0,183845330.0,143291409.0,27755328.0,63288240.0,67718256.0,157998211.0,195840680.0,192427157.0,514086812.0,401331295.0,279462473.0,236737177.0,263064205.0,201946495.0,219182550.0,236673371.0,376080341.0
50028,St. Cloud Metropolitan Transit Commission,Saint Cloud,MN,"St. Cloud, MN",77338,53.97,117638,40524.0,988553.0,51794.0,66723.0,648250.0,335125.0,1193805.0,835895.0,405818.0,1022015.0,514856.0,5395259.0,2351764.0,904980.0,2455690.0,2892929.0,634919.0,408273.0,821940.0,3135523.0,2122265.0,866883.0,1119604.0,18648923.0,423034.0,460583.0,3413309.0,6277956.0,4969037.0
50029,Bay Metropolitan Transit Authority (BMTA),Bay City,MI,"Bay City, MI",05869,39.93,68472,673196.0,75879.0,68777.0,213528.0,1086872.0,1828140.0,269621.0,1487900.0,1192248.0,622860.0,489406.0,3506075.0,888798.0,357629.0,135375.0,472910.0,609952.0,701848.0,968805.0,826842.0,1536761.0,164391.0,205452.0,149930.0,3743030.0,260361.0,247443.0,192150.0,238027.0
50031,Suburban Mobility Authority for Regional Transportation (SMART),Detroit,MI,"Detroit, MI",23824,1284.83,3776890,8277016.0,2434688.0,17847073.0,9507160.0,16284575.0,14945017.0,6380357.0,9103286.0,6715294.0,14649221.0,5132284.0,30650162.0,37256256.0,24453145.0,5567886.0,11109574.0,4768906.0,6548573.0,6453274.0,10671455.0,11278087.0,10572879.0,9749603.0,8639213.0,19879090.0,32057128.0,28439164.0,27968067.0,30180877.0
50119,City of Detroit (DDOT) - Transportation,Detroit,MI,"Detroit, MI",23824,1284.83,3776890,2010556.0,4249346.0,21229229.0,2014067.0,2631774.0,10814561.0,45092144.0,4428615.0,6353504.0,9040046.0,37457116.0,31600327.0,10696021.0,29433117.0,7120490.0,9626562.0,20270509.0,27781080.0,31234845.0,40059962.0,22442770.0,29442017.0,8002555.0,9943047.0,34904560.0,8952413.0,2584204.0,13893733.0,20762113.0
50032,Mass Transportation Authority (MTA),Flint,MI,"Flint, MI",29872,205.46,298964,1163691.0,1262246.0,577412.0,568783.0,1878776.0,13620737.0,2274811.0,11068932.0,6606964.0,7534367.0,9279740.0,5210925.0,1858443.0,6131764.0,1395124.0,10970583.0,8067132.0,5904626.0,3826624.0,5160119.0,3371437.0,12547360.0,12458667.0,1055014.0,13647900.0,7624186.0,11076748.0,1959580.0,15494203.0
50033,Interurban Transit Partnership (ITP),Grand Rapids,MI,"Grand Rapids, MI",34300,274.36,605666,3044194.0,1913576.0,654310.0,192833.0,1021616.0,7213855.0,1364689.0,7304515.0,4905873.0,1595788.0,4415007.0,3916302.0,8512174.0,17270548.0,10922112.0,7119806.0,11387394.0,6874735.0,16209663.0,15852577.0,17517355.0,23110303.0,16319428.0,18641766.0,3700098.0,10717772.0,20635670.0,7785486.0,33312812.0
50034,City of Jackson Transportation Authority (JATA),Jackson,MI,"Jackson, MI",42157,52.03,84307,260837.0,340107.0,1026226.0,151244.0,179131.0,264883.0,3236764.0,499137.0,530291.0,382047.0,560975.0,799270.0,441943.0,1214123.0,676983.0,145076.0,185938.0,27928.0,2603395.0,2188416.0,205566.0,981862.0,486391.0,77808.0,337851.0,592159.0,222511.0,136859.0,329418.0
50035,Central County Transportation Authority (CCTA),Kalamazoo,MI,"Kalamazoo, MI",43723,109.46,204562,154913.0,111357.0,2290831.0,84588.0,90424.0,274914.0,290135.0,2061163.0,320503.0,2737587.0,768296.0,890579.0,3392171.0,539567.0,7865285.0,3968343.0,900964.0,1586238.0,3825538.0,1933599.0,4545057.0,2141726.0,3099245.0,2293384.0,2385748.0,690707.0,503508.0,2949323.0,3026294.0
50036,Capital Area Transportation Authority (CATA),Lansing,MI,"Lansing, MI",47719,155.83,318300,3415143.0,1673404.0,517926.0,1643748.0,898360.0,3032998.0,8362242.0,3296897.0,2947883.0,1991184.0,7341297.0,4536827.0,8123357.0,4083066.0,2651305.0,9665094.0,7009637.0,2040235.0,4933092.0,10115683.0,9007588.0,12162867.0,10168865.0,8329836.0,14695490.0,3155120.0,9483590.0,1043659.0,14407801.0
50040,Ann Arbor Area Transportation Authority (AAATA),Ann Arbor,MI,"Ann Arbor, MI",02602,143.45,317689,907830.0,715354.0,2278793.0,305077.0,3422967.0,3228211.0,4670507.0,2053716.0,2474214.0,5709551.0,1093944.0,3443231.0,2668323.0,6957048.0,1646056.0,883420.0,758303.0,11141581.0,6243666.0,5718122.0,2028395.0,10635874.0,15040713.0,5015931.0,5801833.0,13839270.0,7071034.0,3576910.0,2307237.0
50043,City of Evansville (METS) - Metropolitan Evansville Transit System,Evansville,IN,"Evansville, IN",28333,112.75,206855,369372.0,447534.0,22232.0,0.0,1630446.0,197857.0,851535.0,681941.0,161755.0,73294.0,507444.0,2811760.0,132159.0,68376.0,61634.0,2268263.0,1090782.0,1036949.0,828657.0,3898468.0,163235.0,1760632.0,253814.0,940408.0,741780.0,1767259.0,1333701.0,3203441.0,1854526.0
50044,Fort Wayne Public Transportation Corporation (FWPTC),Fort Wayne,IN,"Fort Wayne, IN",31087,163.6,335934,345014.0,41329.0,165480.0,418034.0,210040.0,190849.0,102802.0,3736080.0,428677.0,1513073.0,622123.0,2626582.0,11700.0,729097.0,1541479.0,877835.0,815727.0,3358768.0,1354820.0,5393425.0,1583017.0,6667120.0,3892252.0,864147.0,2571799.0,688719.0,1094513.0,1596289.0,1165845.0
50045,Gary Public Transportation Corporation (GPTC),Gary,IN,"Chicago, IL--IN",16264,2337.89,8671746,51359.0,2202369.0,635573.0,1125016.0,1412567.0,1898337.0,1018429.0,604328.0,2155828.0,826589.0,169928.0,1916141.0,197883.0,632151.0,587337.0,743239.0,285783.0,0.0,103750.0,2794900.0,121065.0,162618.0,132836.0,1559908.0,2763.0,314894.0,1064749.0,170062.0,0.0
50066,Chicago Transit Authority (CTA),Chicago,IL,"Chicago, IL--IN",16264,2337.89,8671746,407017349.0,268489687.0,229802309.0,233908094.0,345087611.0,312665552.0,183736530.0,130429237.0,197933330.0,276777673.0,352357239.0,482871907.0,474880950.0,490434573.0,363906511.0,606897408.0,641440895.0,966920912.0,614516227.0,200816989.0,193082128.0,295873800.0,607590948.0,481603992.0,490380075.0,394226137.0,389660322.0,359519745.0,425147627.0
50104,Northern Indiana Commuter Transportation District (NICTD),Chesterton,IN,"Chicago, IL--IN",16264,2337.89,8671746,11683237.0,16090917.0,4166598.0,5630805.0,7668147.0,9634940.0,8113638.0,9756035.0,26231208.0,29224435.0,22500663.0,32754363.0,33897471.0,36731896.0,29656648.0,28959568.0,49981941.0,34589328.0,29127885.0,31342137.0,24404112.0,10892173.0,12621904.0,13546359.0,13490127.0,49164055.0,53270181.0,51230694.0,51620397.0
50113,"Pace, the Suburban Bus Division of the Regional Transportation Authority",Arlington Heights,IL,"Chicago, IL--IN",16264,2337.89,8671746,13350700.0,32569316.0,32422050.0,35176944.0,16598900.0,31082960.0,17287039.0,11254645.0,20498520.0,29584822.0,52354573.0,32336561.0,71996874.0,19420307.0,34690371.0,35771541.0,29037802.0,30535219.0,26109509.0,46016221.0,23334974.0,41935043.0,51787718.0,65892863.0,55566168.0,73927160.0,114487224.0,70759188.0,27969153.0
50118,Northeast Illinois Regional Commuter Railroad Corporation,Chicago,IL,"Chicago, IL--IN",16264,2337.89,8671746,143665098.0,288821847.0,210784462.0,217241323.0,201600980.0,186600577.0,161721011.0,160134362.0,128851051.0,184515647.0,314698277.0,341726939.0,478163755.0,415461198.0,343240112.0,248159408.0,166976324.0,147144776.0,174803135.0,265054073.0,364856901.0,272168988.0,293289826.0,251661853.0,232619901.0,244076989.0,221467546.0,260503166.0,306118698.0
50047,Bloomington-Normal Public Transit System,Normal,IL,"Bloomington--Normal, IL",08407,50.36,134100,181550.0,3668062.0,23420.0,0.0,0.0,1086.0,11971.0,57928.0,51706.0,12190.0,22765.0,19774.0,298765.0,3537842.0,1597268.0,126802.0,0.0,639172.0,0.0,7104095.0,2673251.0,247877.0,1352211.0,536745.0,124731.0,3114101.0,4278265.0,5410581.0,955601.0
50050,Indianapolis and Marion County Public Transportation (IPTC),Indianapolis,IN,"Indianapolis, IN",41212,722.55,1699881,675650.0,2386563.0,707431.0,1523012.0,2725597.0,2302446.0,9917446.0,5819398.0,3538905.0,15482964.0,9002312.0,0.0,8926608.0,3916859.0,7660876.0,7121349.0,4570402.0,8034135.0,14567826.0,14792906.0,11942799.0,5968742.0,4300400.0,12441067.0,26904048.0,15498490.0,8821675.0,33115978.0,121772829.0
50051,Greater Lafayette Public Transportation Corporation (GLPTC),Lafayette,IN,"Lafayette, IN",46018,68.74,157100,67461.0,84600.0,118700.0,150500.0,81000.0,588500.0,606000.0,1536800.0,1731000.0,2348145.0,423000.0,6944605.0,427000.0,1014750.0,886279.0,406890.0,3036254.0,262416.0,5561769.0,3711535.0,6345823.0,3038453.0,4712529.0,2415107.0,6371272.0,5871799.0,1526067.0,4443882.0,1848328.0
50052,South Bend Public Transportation Corporation,South Bend,IN,"South Bend, IN--MI",83116,147.93,278921,1042075.0,172930.0,728716.0,375471.0,520774.0,1181146.0,4578610.0,1069722.0,3665755.0,3821921.0,1933398.0,4695777.0,4820641.0,7561721.0,5618659.0,799926.0,1051813.0,1479690.0,4250104.0,16103765.0,1375588.0,1302542.0,1365287.0,7726430.0,3678266.0,4017961.0,2050186.0,435827.0,1099683.0
50053,City of Terre Haute (THTU) - Transit,Terre Haute,IN,"Terre Haute, IN",87139,46.83,79862,118465.0,12000.0,0.0,37732.0,79155.0,100604.0,232080.0,15740.0,150000.0,36279.0,271418.0,225271.0,143144.0,332748.0,252695.0,79928.0,82909.0,220000.0,296536.0,1260777.0,248906.0,167454.0,100358.0,217690.0,300954.0,252888.0,252887.0,0.0,0.0
50056,Greater Peoria Mass Transit District (GPMTD),Peoria,IL,"Peoria, IL",68509,145.79,259781,2643314.0,2583826.0,5161969.0,102515.0,2279091.0,1575835.0,818114.0,1947434.0,1370200.0,269612.0,1287433.0,1544636.0,4323882.0,2466997.0,637137.0,401258.0,0.0,0.0,0.0,0.0,6094997.0,2008868.0,7402265.0,483985.0,1117571.0,614655.0,4591848.0,2355605.0,1113922.0
50057,Rock Island County Metropolitan Mass Transit District (MetroLink),Moline,IL,"Davenport, IA--IL",22366,134.86,285211,884263.0,2341500.0,0.0,42126.0,256494.0,922249.0,1117430.0,3832864.0,1090447.0,584233.0,427918.0,4346489.0,6391392.0,3210314.0,1050969.0,2813082.0,1203635.0,1041222.0,112212.0,102916.0,5707371.0,2560875.0,15894081.0,18066388.0,3082887.0,5336388.0,11482203.0,3133610.0,4722443.0
50058,Rockford Mass Transit District (RMTD),Rockford,IL,"Rockford, IL",75718,133.81,276443,234163.0,732429.0,124344.0,121618.0,2841852.0,121297.0,516403.0,318867.0,3089703.0,2306803.0,245375.0,118824.0,430506.0,1123928.0,221054.0,385874.0,6943831.0,4090769.0,548318.0,5041098.0,5646343.0,2158105.0,4005761.0,546030.0,1227119.0,1118700.0,1470418.0,1460690.0,3682081.0
50059,Springfield Mass Transit District (SMTD),Springfield,IL,"Springfield, IL",83899,81.74,159265,95652.0,0.0,146986.0,328936.0,119284.0,198321.0,2646767.0,434455.0,818139.0,4456311.0,1111193.0,572136.0,1066537.0,2832789.0,254137.0,1244014.0,638137.0,362318.0,1350057.0,1866685.0,3956155.0,5614033.0,2170673.0,6514864.0,2258860.0,1290591.0,3451387.0,9743460.0,2245424.0
50060,Champaign-Urbana Mass Transit District (C-U MTD),Urbana,IL,"Champaign, IL",15211,46.52,147452,5862.0,16564.0,1871189.0,622371.0,1722851.0,1184017.0,5576338.0,7930166.0,4112014.0,112249.0,70294.0,10013634.0,11456464.0,1901061.0,405361.0,1451206.0,2210964.0,2822043.0,2502221.0,6715190.0,20624616.0,10281634.0,7683335.0,5386103.0,3114911.0,7510788.0,22292998.0,7127746.0,5713134.0
50061,"City of Decatur, Il (DPTS) - Transportation Services Department",Decatur,IL,"Decatur, IL",22717,55.11,86287,267703.0,66578.0,350243.0,2290275.0,1667698.0,576590.0,26156.0,676545.0,86141.0,306401.0,225918.0,4808373.0,309166.0,105831.0,21540.0,18164.0,35603.0,152477.0,28872.0,1686771.0,1715260.0,4085.0,122050.0,68541.0,137100.0,33694.0,0.0,101918.0,95131.0
50092,"City of Rochester, Minnesota (RPT) - Public Transit",Rochester,MN,"Rochester, MN",75637,51.59,121587,85940.0,12000.0,50338.0,395956.0,702137.0,32388.0,2076.0,81465.0,1041191.0,1486456.0,464490.0,58742.0,2194584.0,1678223.0,2845880.0,0.0,0.0,0.0,53277.0,2679176.0,6431621.0,6633617.0,3603143.0,2037007.0,4232763.0,174301.0,2340880.0,8035271.0,5142421.0
50099,City of Eau Claire (ECT) - Transit,Eau Claire,WI,"Eau Claire, WI",26038,62.5,105475,0.0,21034.0,0.0,0.0,0.0,0.0,1861876.0,56984.0,0.0,212400.0,1234842.0,1653070.0,8250.0,0.0,6842.0,5995.0,18432.0,0.0,0.0,68518.0,1928001.0,0.0,1639828.0,0.0,0.0,0.0,0.0,0.0,1785054.0
50110,Bloomington Public Transportation Corporation (BT),Bloomington,IN,"Bloomington, IN",08380,43.04,110103,24357.0,310648.0,374000.0,106198.0,1206674.0,7154404.0,244900.0,124350.0,640167.0,219389.0,684374.0,1174748.0,1991717.0,193227.0,1609203.0,1163247.0,1465291.0,4013109.0,2609684.0,189170.0,53656.0,587283.0,4188168.0,3302745.0,898789.0,1192227.0,2573454.0,2132757.0,1937360.0
60006,City of El Paso - Mass Transit Department,El Paso,TX,"El Paso, TX--NM",27253,255.88,854584,9156858.0,7102236.0,3005234.0,8294730.0,12696565.0,5399873.0,8185628.0,5377514.0,1365343.0,8823663.0,9771485.0,11894422.0,8266258.0,4033338.0,12880317.0,6446456.0,16464443.0,13333786.0,20885328.0,20158193.0,13678601.0,9073392.0,6715932.0,43557305.0,7632200.0,4091239.0,42064791.0,40565209.0,95389098.0
60007,Fort Worth Transportation Authority (FWTA),Fort Worth,TX,"Dallas--Fort Worth--Arlington, TX",22042,1746.9,5732354,1296600.0,2028220.0,1459563.0,6523538.0,7867580.0,15458552.0,13501758.0,19912798.0,23843192.0,51311186.0,68578675.0,64581286.0,11220025.0,10387998.0,4798887.0,16293418.0,22380383.0,24031480.0,19505764.0,23510070.0,21010982.0,17909918.0,18635481.0,15602987.0,67123254.0,68904276.0,223608936.0,281014124.0,242293131.0
60041,City of Arlington (ADOT) - Transportation Department,Arlington,TX,"Dallas--Fort Worth--Arlington, TX",22042,1746.9,5732354,269120.0,402444.0,687143.0,1767.0,454831.0,432234.0,128909.0,483509.0,-6662.0,426288.0,-19403.0,143581.0,564067.0,69441.0,514670.0,0.0,52361.0,1064243.0,94092.0,695740.0,0.0,22396.0,820790.0,7199.0,0.0,751492.0,92660.0,0.0,1027440.0
60056,Dallas Area Rapid Transit (DART),Dallas,TX,"Dallas--Fort Worth--Arlington, TX",22042,1746.9,5732354,45600065.0,23324675.0,66181640.0,225034007.0,244197190.0,237927535.0,132179757.0,181961413.0,241673405.0,362178444.0,270182182.0,204593716.0,160961319.0,151326908.0,138232950.0,177744970.0,406806004.0,589566136.0,830869462.0,676845879.0,416165146.0,315165473.0,266080106.0,222839131.0,158451637.0,151121568.0,99929383.0,116964984.0,209242105.0
60008,"Metropolitan Transit Authority of Harris County, Texas ",Houston,TX,"Houston, TX",40429,1752.69,5853575,39090987.0,71447403.0,189272358.0,110635739.0,115820819.0,132864088.0,141996815.0,143837665.0,177877790.0,179002202.0,293141610.0,230668005.0,292523080.0,233103903.0,185693195.0,147487648.0,256286024.0,277408785.0,236808322.0,345726190.0,396899989.0,490115732.0,555425631.0,369878818.0,257921755.0,131968140.0,101377092.0,134038556.0,153005979.0
60009,City of Laredo ,Laredo,TX,"Laredo, TX",47854,64.2,251462,3331378.0,1328870.0,940492.0,3159368.0,6093500.0,6673083.0,7958714.0,362656.0,3587681.0,121749.0,1367824.0,1353434.0,1543068.0,1241584.0,514726.0,3919316.0,211235.0,314399.0,2156762.0,661824.0,5318736.0,1121096.0,2515740.0,304462.0,1016255.0,1279455.0,1444958.0,689211.0,3307401.0
60010,City of Lubbock,Lubbock,TX,"Lubbock, TX",51877,106.27,272280,338150.0,963095.0,442939.0,69880.0,240344.0,3136506.0,8313096.0,1059047.0,812955.0,3534996.0,1586317.0,1030953.0,221493.0,1681920.0,3275858.0,4480225.0,345817.0,247071.0,2790424.0,3596355.0,546713.0,1663318.0,2749448.0,303841.0,51099.0,655711.0,4003580.0,1982035.0,1745325.0
60011,VIA Metropolitan Transit,San Antonio,TX,"San Antonio, TX",78580,613.44,1992689,13129052.0,3178759.0,8779558.0,3085388.0,5972214.0,2982860.0,6999591.0,5134689.0,31482997.0,14573733.0,58691891.0,6145879.0,26192890.0,6848558.0,12636869.0,24261616.0,15017582.0,26612434.0,15182925.0,33192431.0,17758705.0,38819982.0,52086066.0,35938663.0,32192079.0,33520048.0,183177998.0,77198198.0,34713371.0
60012,City of Waco (WTS) - Transit System,Waco,TX,"Waco, TX",91027,89.88,192844,0.0,2104117.0,692876.0,69147.0,0.0,305434.0,333292.0,139350.0,1763253.0,1038158.0,87024.0,270000.0,446205.0,2513479.0,3866007.0,587055.0,53672.0,2659237.0,2145203.0,2037672.0,81414.0,187031.0,32624.0,11727.0,3058.0,51192.0,2136362.0,19198.0,512106.0
60016,City of Beaumont (BMT) - Transit,Beaumont,TX,"Beaumont, TX",06058,96.1,146649,996235.0,15018.0,19213.0,0.0,773169.0,39354.0,40694.0,218253.0,32060.0,669524.0,35167.0,671481.0,1001818.0,309196.0,0.0,0.0,1363535.0,1014778.0,6183292.0,1124669.0,528652.0,183000.0,507116.0,0.0,0.0,0.0,1499927.0,0.0,596686.0
60017,Central Oklahoma Transportation and Parking Authority (COTPA),Oklahoma City,OK,"Oklahoma City, OK",65080,421.73,982276,858882.0,275307.0,1684828.0,549969.0,264054.0,563748.0,5026108.0,3256099.0,5765277.0,721617.0,6141592.0,3588269.0,5930857.0,9908540.0,869543.0,3005864.0,1337399.0,608072.0,3293520.0,3006528.0,2053105.0,1652781.0,8619931.0,4768533.0,1437413.0,9516235.0,35596204.0,60965024.0,28982078.0
60018,Metropolitan Tulsa Transit Authority (MTTA),Tulsa,OK,"Tulsa, OK",88948,338.32,722810,560524.0,2507271.0,1352338.0,694921.0,1110464.0,2042627.0,3716806.0,6315733.0,5156705.0,2287790.0,6312077.0,888462.0,482088.0,2785105.0,7074302.0,2730204.0,916519.0,3120187.0,2491974.0,1016337.0,4860822.0,11436250.0,3725658.0,3103649.0,1585368.0,1463399.0,8055603.0,1982796.0,1948172.0
60019,City of Albuquerque - Transit Department,Albuquerque,NM,"Albuquerque, NM",01171,263.07,769837,444472.0,0.0,416453.0,36044.0,221810.0,1915663.0,12934185.0,1994551.0,2681962.0,7584390.0,8813377.0,9521597.0,10891923.0,12288537.0,19506152.0,15211398.0,8915349.0,16290327.0,31762761.0,11333990.0,1991152.0,9378735.0,8831563.0,22037815.0,5268349.0,19811896.0,2577531.0,43436281.0,26503201.0
60022,Capital Area Transit System (CATS),Baton Rouge,LA,"Baton Rouge, LA",05680,396.34,631326,185204.0,0.0,230520.0,215679.0,973353.0,4597695.0,5935317.0,2296705.0,1167717.0,238516.0,1151500.0,648061.0,1211460.0,955378.0,1443292.0,8037332.0,1018499.0,1037103.0,1853410.0,1719339.0,3943597.0,2599998.0,3204413.0,6723681.0,3803683.0,7686943.0,4681392.0,4574076.0,3943209.0
60024,City of Shreveport - Shreveport Area Transit System,Shreveport,LA,"Shreveport, LA",81739,180.84,288052,1610850.0,1460932.0,766783.0,739795.0,1001647.0,3924467.0,1482489.0,1555655.0,2227272.0,2776480.0,451053.0,320498.0,4023935.0,304036.0,2438341.0,292012.0,1478380.0,960015.0,669503.0,2717994.0,5710492.0,1167886.0,1306255.0,629158.0,3111169.0,2324335.0,13066671.0,1426530.0,554635.0
60033,Rock Region Metropolitan Transit Authority,North Little Rock,AR,"Little Rock, AR",50392,267.82,461864,784081.0,817283.0,330456.0,266543.0,414592.0,5105178.0,1149867.0,2426252.0,2177028.0,5310810.0,4321230.0,1387096.0,12949847.0,12881001.0,1731948.0,8002117.0,4957151.0,4311839.0,1786568.0,9564489.0,1536013.0,1808695.0,3207403.0,1361078.0,11814785.0,2164438.0,5668193.0,2151552.0,3112167.0
60038,Lafayette City-Parish Consolidated Government (LTS),Lafayette,LA,"Lafayette, LA",46045,161.2,227316,26139.0,1166604.0,13565.0,26110.0,247840.0,35353.0,169658.0,40297.0,1798.0,500741.0,988900.0,1574307.0,4520347.0,2216522.0,1229303.0,95195.0,517498.0,87473.0,1205882.0,7435753.0,4941907.0,385655.0,2450388.0,667335.0,1089912.0,962292.0,0.0,167180.0,1542996.0
60051,Corpus Christi Regional Transportation Authority (CCRTA),Corpus Christi,TX,"Corpus Christi, TX",20287,129.27,339066,2832860.0,3118755.0,2953821.0,2212750.0,7049021.0,5672227.0,2466998.0,2542030.0,3017971.0,4971359.0,3206976.0,6726084.0,6860230.0,8480714.0,740427.0,1514532.0,3294247.0,7467311.0,14396499.0,3750174.0,5864724.0,13594352.0,10209229.0,5601798.0,20625320.0,10002063.0,15143943.0,1217961.0,1466101.0
60059,Brazos Transit District (BTD),Bryan,TX,"College Station--Bryan, TX",18748,81.63,206137,0.0,31200.0,754677.0,375604.0,76334.0,487432.0,0.0,0.0,0.0,0.0,0.0,0.0,0.0,0.0,0.0,0.0,0.0,0.0,0.0,6302008.0,1639882.0,2621496.0,0.0,0.0,488530.0,1381360.0,3273548.0,2454463.0,1754756.0
70001,City of Lincoln - Transportation & Utilities,Lincoln,NE,"Lincoln, NE",49933,94.17,291217,1350154.0,21126.0,60033.0,1570485.0,348014.0,705064.0,151588.0,3517499.0,167854.0,245280.0,1102986.0,5953204.0,687507.0,2767632.0,194918.0,356143.0,5804946.0,1224669.0,281633.0,2485459.0,5133295.0,58624.0,934277.0,2918210.0,4349156.0,283159.0,583969.0,6096480.0,3030716.0
70002,Transit Authority of Omaha,Omaha,NE,"Omaha, NE--IA",65269,270.81,819508,554818.0,3428995.0,1649175.0,5306041.0,77420.0,1611075.0,1064666.0,6938016.0,589138.0,5310588.0,6599389.0,569382.0,472130.0,1007717.0,392735.0,3192087.0,3785942.0,3617888.0,3203003.0,10501181.0,5491303.0,2271821.0,12991646.0,5555748.0,3723070.0,2391836.0,5187587.0,17904062.0,14783095.0
70003,City of Springfield,Springfield,MO,"Springfield, MO",83953,134.33,282651,399760.0,2124232.0,50648.0,268660.0,195535.0,120763.0,511706.0,2816454.0,471843.0,3825781.0,357323.0,877633.0,481653.0,776323.0,1009079.0,2200004.0,436190.0,293052.0,553376.0,1516894.0,938232.0,4652329.0,10631634.0,1501396.0,3553700.0,1637960.0,28117.0,5351260.0,220836.0
70005,Kansas City Area Transportation Authority (KCATA),Kansas City,MO,"Kansas City, MO--KS",43912,714.1,1674218,4640115.0,2458077.0,5022607.0,4148800.0,4612315.0,12137816.0,10805852.0,6624244.0,10604549.0,12800060.0,5447392.0,17334569.0,15459647.0,13911388.0,15122337.0,10114985.0,12668017.0,12667464.0,6165352.0,23726458.0,16213661.0,10999455.0,12370643.0,15915931.0,12413674.0,5251214.0,22485079.0,36486634.0,34698691.0
70035,Johnson County Kansas (JCT) - Transit,Olathe,KS,"Kansas City, MO--KS",43912,714.1,1674218,491600.0,524664.0,434107.0,367594.0,786266.0,641264.0,780936.0,862507.0,1403496.0,5227451.0,3436090.0,654915.0,327071.0,675767.0,831707.0,4723870.0,429211.0,2268895.0,4338600.0,1236882.0,1938920.0,5159201.0,11130400.0,1320028.0,3618124.0,2673711.0,2535931.0,2035693.0,857613.0
70006,Bi-State Development Agency of the Missouri-Illinois Metropolitan District,Saint Louis,MO,"St. Louis, MO--IL",77770,910.37,2156323,59551718.0,145560521.0,157169102.0,21982797.0,20451740.0,19766198.0,27412041.0,58925650.0,117673505.0,121620298.0,136568725.0,128882254.0,128124184.0,234889267.0,204563038.0,195772426.0,79464775.0,32211199.0,47241885.0,22745862.0,30783677.0,60865649.0,34896118.0,56897572.0,44371238.0,58694385.0,41546974.0,32368836.0,29883220.0
70008,City of Cedar Rapids (CRT) - Transit Division,Cedar Rapids,IA,"Cedar Rapids, IA",14752,86.03,192844,14288.0,219335.0,164265.0,1354285.0,3583567.0,2331660.0,2008703.0,2692278.0,3441929.0,1730800.0,425976.0,1196470.0,894083.0,883326.0,951982.0,1695070.0,1176022.0,398045.0,817585.0,882427.0,1452605.0,1791800.0,5537281.0,7164684.0,3002933.0,685447.0,403324.0,894029.0,2535873.0
70010,Des Moines Area Regional Transit Authority (DART),Des Moines,IA,"Des Moines, IA",23743,224.74,542486,1548821.0,3691646.0,616163.0,1838608.0,1207028.0,2316885.0,1449597.0,2616548.0,4136248.0,2107016.0,8739037.0,4283745.0,11296192.0,1498717.0,3296746.0,1058326.0,6196131.0,2832362.0,5634197.0,11405052.0,4600393.0,18033305.0,16540995.0,1389826.0,7946739.0,6281668.0,15903238.0,7051142.0,4461051.0
70014,Topeka Metropolitan Transit Authority (TMTA),Topeka,KS,"Topeka, KS",88084,84.24,148956,99223.0,115194.0,154495.0,19674.0,170786.0,95888.0,325750.0,1814843.0,8634611.0,843182.0,695857.0,2237330.0,2462391.0,247294.0,1238714.0,2208325.0,142316.0,74639.0,66151.0,33160.0,5408252.0,0.0,812317.0,999803.0,4714837.0,503855.0,1218080.0,483868.0,779500.0
70015,City of Wichita (WT) - Transportation,Wichita,KS,"Wichita, KS",95077,226.84,500231,897306.0,1939226.0,2785337.0,1766942.0,551086.0,723868.0,2131424.0,1497002.0,7119936.0,562423.0,1169771.0,9048098.0,2050254.0,0.0,1944284.0,554950.0,554950.0,731337.0,555340.0,4991056.0,1570175.0,61280.0,1503781.0,4751756.0,5546315.0,2194983.0,5834067.0,287199.0,1092836.0
70018,City of Iowa City (ICT) - Transit,Iowa City,IA,"Iowa City, IA",41590,50.83,126810,7199.0,71318.0,405419.0,0.0,635819.0,9193.0,2499709.0,539276.0,268465.0,243026.0,626371.0,3755436.0,688789.0,3901421.0,6262823.0,1111696.0,2377030.0,337780.0,176239.0,2526664.0,332745.0,252200.0,1067694.0,550680.0,0.0,374083.0,475718.0,4829798.0,63679.0
70019,University of Iowa (CAMBUS) - Parking and Transportation Department,Iowa City,IA,"Iowa City, IA",41590,50.83,126810,2200.0,11000.0,159112.0,57513.0,56143.0,7140.0,1484077.0,493518.0,432255.0,35226.0,0.0,24741.0,0.0,0.0,213521.0,299823.0,18819.0,150318.0,3154000.0,845883.0,412266.0,2719507.0,0.0,1926412.0,0.0,0.0,0.0,418510.0,0.0
80001,Utah Transit Authority (UTA),Salt Lake City,UT,"Salt Lake City, UT",78499,300.42,1178533,4532426.0,22588393.0,29828771.0,4086181.0,22540370.0,33797428.0,69708273.0,121429822.0,96998065.0,60757939.0,111262512.0,258685085.0,69072028.0,44202408.0,124200756.0,248350109.0,337552057.0,594942466.0,655732058.0,624469173.0,444819159.0,307818940.0,115704237.0,54775279.0,55698374.0,47091778.0,152301830.0,86039389.0,57449956.0
80002,City of Sioux Falls (SAM),Sioux Falls,SD,"Sioux Falls, SD",82252,67.9,194283,352917.0,38431.0,31049.0,364580.0,898971.0,150655.0,3986368.0,480879.0,736179.0,815949.0,1146323.0,2193963.0,567423.0,586920.0,820214.0,108679.0,566418.0,0.0,4181021.0,2146534.0,25539.0,27972.0,297383.0,227484.0,2697631.0,364669.0,2265706.0,2675302.0,0.0
80004,City of Billings (MET) - MET Transit,Billings,MT,"Billings, MT",07705,54.7,128787,275557.0,3182559.0,20816.0,79825.0,41684.0,45603.0,361495.0,490045.0,144243.0,42201.0,70710.0,158198.0,1739799.0,1914698.0,1545814.0,2797103.0,471078.0,473638.0,3312080.0,727905.0,922143.0,624372.0,436013.0,93048.0,242935.0,1293033.0,173333.0,518809.0,372169.0
80005,"City of Colorado Springs (MMT) - Public Works, Transit Division",Colorado Springs,CO,"Colorado Springs, CO",18856,200.36,632494,2885351.0,1401970.0,721750.0,2586390.0,300706.0,714689.0,3009996.0,2533315.0,6125385.0,4460307.0,7792420.0,7070645.0,5217129.0,6614310.0,6980467.0,6025956.0,11152610.0,4369296.0,2298486.0,4552459.0,3474693.0,3947330.0,1933388.0,3519386.0,5060397.0,4601205.0,6129370.0,7216076.0,7522849.0
80006,Denver Regional Transportation District (RTD),Denver,CO,"Denver--Aurora, CO",23527,644.54,2686147,51053368.0,61641706.0,118943346.0,93105478.0,32924908.0,18599539.0,65974780.0,72497436.0,84503415.0,209674935.0,326780148.0,164651134.0,277944080.0,217201390.0,273843171.0,207873303.0,156784741.0,282758380.0,410353509.0,712553133.0,627095963.0,702118632.0,769359097.0,862701058.0,870055260.0,690158644.0,452136303.0,335080262.0,349764075.0
80007,City of Pueblo (PT) - Pueblo Transit,Pueblo,CO,"Pueblo, CO",72613,54.7,120642,0.0,830872.0,51436.0,267123.0,87948.0,745705.0,2231838.0,50000.0,27319.0,522397.0,359642.0,257064.0,325468.0,517177.0,199526.0,278750.0,233338.0,374920.0,2731934.0,0.0,2151282.0,100972.0,0.0,0.0,385000.0,0.0,0.0,490112.0,941535.0
80008,City of Grand Forks (CAT) - Cities Area Transit,Grand Forks,ND,"Grand Forks, ND--MN",34219,26.48,68160,72519.0,137768.0,42043.0,52271.0,33898.0,146305.0,1049898.0,37048.0,36330.0,62680.0,2560.0,294076.0,375432.0,628091.0,362147.0,259675.0,144255.0,24435.0,450838.0,2812097.0,462057.0,423264.0,1280770.0,274452.0,493579.0,360858.0,462995.0,1288792.0,5213060.0
80009,Missoula Urban Transportation District (MUTD),Missoula,MT,"Missoula, MT",57736,44.29,88109,45359.0,385497.0,77727.0,15304.0,1034774.0,88847.0,378852.0,101913.0,1846549.0,1125821.0,1710805.0,875359.0,264996.0,73714.0,102464.0,2019207.0,242914.0,2347014.0,4210835.0,250951.0,375143.0,535431.0,352757.0,159225.0,2138901.0,122182.0,85451.0,619506.0,630638.0
80011,City of Fort Collins - Transfort,Fort Collins,CO,"Fort Collins, CO",30628,117.98,326332,210742.0,537576.0,1942071.0,543887.0,567275.0,478677.0,1380187.0,1512247.0,682228.0,849124.0,3934305.0,2230964.0,569982.0,989224.0,1060034.0,4763580.0,412937.0,1826026.0,1587755.0,1933662.0,3008511.0,146593.0,1534783.0,20742202.0,9306687.0,1306546.0,1256144.0,1209649.0,6439269.0
90001,Regional Transportation Commission of Washoe County (RTC),Reno,NV,"Reno, NV--CA",74179,165.43,446529,739045.0,1429746.0,2770150.0,1742021.0,507553.0,1607126.0,8536807.0,6093746.0,3446986.0,2996183.0,4233508.0,4792186.0,3247686.0,6598290.0,11156231.0,10698976.0,13431929.0,19847733.0,11171310.0,14134625.0,16215463.0,5125021.0,7863714.0,4781754.0,1696622.0,9969952.0,17736210.0,13569577.0,15895166.0
90003,San Francisco Bay Area Rapid Transit District (BART),Oakland,CA,"San Francisco--Oakland, CA",78904,513.8,3515933,125611654.0,130028255.0,218619662.0,372605462.0,353573367.0,299191652.0,226788774.0,214749541.0,416398627.0,442865985.0,485222068.0,536957525.0,306347363.0,133896131.0,114511494.0,108803478.0,146474458.0,253021871.0,345592973.0,356840794.0,466746163.0,488699851.0,588301338.0,522503076.0,449791736.0,446791717.0,525235694.0,490599439.0,664516219.0
90009,San Mateo County Transit District (SMCTD),San Carlos,CA,"San Francisco--Oakland, CA",78904,513.8,3515933,15171802.0,99156271.0,23708998.0,40249615.0,33672319.0,22581476.0,14152805.0,42741016.0,109933807.0,13308398.0,16868384.0,20859792.0,44859548.0,32725522.0,11362996.0,8548483.0,6914401.0,8805923.0,11091509.0,62340929.0,14480258.0,11048526.0,10465865.0,33281368.0,33416719.0,12821043.0,25424428.0,17545630.0,13791465.0
90014,Alameda-Contra Costa Transit District,Oakland,CA,"San Francisco--Oakland, CA",78904,513.8,3515933,14690621.0,15224169.0,13630481.0,1344335.0,1257794.0,4393199.0,20324236.0,39379232.0,32759548.0,48072705.0,24601446.0,17693437.0,37014020.0,52444962.0,32543749.0,22591921.0,36266680.0,13443459.0,33800591.0,2014314.0,26663863.0,47877058.0,64014053.0,51517139.0,41750551.0,51652101.0,45563103.0,74470393.0,72095524.0
90015,City and County of San Francisco (SFMTA) - Transit Division,San Francisco,CA,"San Francisco--Oakland, CA",78904,513.8,3515933,44708000.0,54377000.0,44173000.0,109182000.0,110683000.0,102512000.0,138968000.0,109818000.0,136055000.0,158875000.0,291076000.0,216063000.0,160272000.0,167915000.0,123987000.0,90530000.0,147434000.0,137394000.0,62604480.0,130641847.0,186218258.0,204535693.0,239036559.0,434600183.0,285661060.0,413426828.0,475312070.0,512341153.0,521124218.0
90016,"Golden Gate Bridge, Highway and Transportation District (GGBHTD) - Golden Gate Transit; Golden Gate Ferry",San Francisco,CA,"San Francisco--Oakland, CA",78904,513.8,3515933,4300313.0,19208460.0,2867263.0,1663660.0,9888436.0,1470239.0,15280213.0,15965729.0,3124451.0,6511892.0,12874029.0,5301076.0,8499084.0,29503209.0,7962489.0,2011966.0,18325076.0,10574969.0,15523706.0,37176883.0,29045364.0,28690431.0,8487832.0,20286911.0,35223325.0,26305972.0,6368062.0,17597856.0,72461408.0
90134,Peninsula Corridor Joint Powers Board (PCJPB),San Carlos,CA,"San Francisco--Oakland, CA",78904,513.8,3515933,23723006.0,9740769.0,210854682.0,2537087.0,8274804.0,8686897.0,174401291.0,14735881.0,29210045.0,100625053.0,72260948.0,87631041.0,107479420.0,118327611.0,65392988.0,99357766.0,92193386.0,96958972.0,76929717.0,72625765.0,91773899.0,81375158.0,87385024.0,111349291.0,122725976.0,134150721.0,224319129.0,322410639.0,416764342.0
90004,Golden Empire Transit District (GET),Bakersfield,CA,"Bakersfield, CA",04681,132.12,570235,2233068.0,644903.0,2245995.0,1094320.0,555004.0,1491914.0,1356467.0,10722985.0,796888.0,9159828.0,591581.0,1999899.0,2742602.0,6135082.0,1575253.0,9811646.0,1856092.0,1886375.0,2355627.0,15387420.0,6200239.0,7797296.0,3747995.0,12524197.0,2554941.0,1094625.0,3731367.0,2322580.0,14001148.0
90006,Santa Cruz Metropolitan Transit District (SCMTD),Santa Cruz,CA,"Santa Cruz, CA",79336,60.45,169038,372659.0,219481.0,595021.0,743119.0,1224672.0,888101.0,2516526.0,7655173.0,3690015.0,2206127.0,2457016.0,2597112.0,14450501.0,5561009.0,5812000.0,2393298.0,12574358.0,19178516.0,14700353.0,6865404.0,10708434.0,7171566.0,4715173.0,12321109.0,9592752.0,7850321.0,3876023.0,2686242.0,2902938.0
90008,City of Santa Monica (BBB) - Department of Transportation,Santa Monica,CA,"Los Angeles--Long Beach--Anaheim, CA",51445,1636.83,12237376,3186457.0,5790280.0,1939126.0,2661676.0,1321458.0,6114675.0,2140844.0,21020823.0,3584125.0,5794648.0,11066749.0,33415173.0,16462080.0,9944569.0,27757470.0,14766167.0,48152338.0,24631395.0,38901429.0,23265279.0,28392895.0,25234672.0,21794266.0,29695751.0,12022069.0,30309472.0,20169164.0,7952817.0,16856205.0
90010,City of Torrance (TTS) - Transit Department,Torrance,CA,"Los Angeles--Long Beach--Anaheim, CA",51445,1636.83,12237376,83807.0,1230587.0,4537480.0,2057925.0,362132.0,738057.0,1219960.0,2300850.0,94966.0,2247158.0,896970.0,6847798.0,605107.0,3311858.0,1487261.0,405570.0,622538.0,916615.0,644257.0,7045411.0,359330.0,12244853.0,6276910.0,1371096.0,2958840.0,16128291.0,1364533.0,31590.0,1668454.0
90022,City of Norwalk (NTS) - Department of Transportation,Norwalk,CA,"Los Angeles--Long Beach--Anaheim, CA",51445,1636.83,12237376,168595.0,81641.0,0.0,0.0,319099.0,200339.0,328265.0,2961909.0,1984767.0,3450807.0,9826704.0,1736310.0,1472479.0,1961936.0,550225.0,1710833.0,2205852.0,1605714.0,1159686.0,6054873.0,663967.0,579348.0,7553709.0,1205607.0,3879274.0,5632480.0,732803.0,2694294.0,820902.0
90023,Long Beach Transit (LBT),Long Beach,CA,"Los Angeles--Long Beach--Anaheim, CA",51445,1636.83,12237376,10419242.0,4254672.0,11741002.0,7024098.0,8097652.0,1683117.0,17547509.0,16914859.0,9197469.0,4382832.0,16043419.0,13058628.0,26233730.0,8126831.0,31082587.0,11470236.0,7369947.0,14526044.0,27736370.0,12986477.0,14362477.0,13490448.0,38601728.0,6485244.0,23677448.0,8993652.0,13648952.0,30003661.0,4447265.0
90036,Orange County Transportation Authority (OCTA),Orange,CA,"Los Angeles--Long Beach--Anaheim, CA",51445,1636.83,12237376,18118650.0,8095171.0,126936000.0,13868685.0,5704465.0,4768469.0,5324860.0,44056599.0,17363907.0,39345066.0,41359550.0,94693926.0,10434850.0,31840265.0,35103095.0,13007185.0,49677170.0,107517915.0,75415897.0,3604612.0,9503883.0,8284623.0,10495465.0,25850875.0,33686143.0,38566772.0,95367305.0,25662300.0,78458407.0
90039,City of Culver City - Transportation Department,Culver City,CA,"Los Angeles--Long Beach--Anaheim, CA",51445,1636.83,12237376,1916598.0,506830.0,275668.0,589538.0,347057.0,388918.0,1485631.0,4104552.0,17191413.0,1603974.0,1446025.0,5397614.0,2664943.0,671653.0,3784439.0,1789324.0,2311792.0,4517301.0,3364443.0,708633.0,2413325.0,11107337.0,987686.0,4969771.0,1748798.0,1505732.0,12562160.0,1203881.0,863414.0
90041,City of Montebello (MBL) - Transportation,Montebello,CA,"Los Angeles--Long Beach--Anaheim, CA",51445,1636.83,12237376,1838455.0,7846197.0,1151492.0,969686.0,4828464.0,6972703.0,4517141.0,4210291.0,4191210.0,5265109.0,2109747.0,6838239.0,628501.0,2343046.0,1852346.0,4281254.0,1120396.0,2246046.0,10527440.0,16779832.0,4034704.0,5108094.0,7651246.0,2010604.0,686480.0,1726258.0,5873457.0,4885350.0,4802972.0
90042,City of Gardena - Transportation,Gardena,CA,"Los Angeles--Long Beach--Anaheim, CA",51445,1636.83,12237376,222254.0,522525.0,693536.0,194888.0,223992.0,3902316.0,360695.0,6057638.0,1096280.0,262064.0,249934.0,390629.0,1701348.0,10144594.0,2675672.0,11245794.0,10822919.0,24361092.0,10316625.0,20878430.0,879672.0,841897.0,740916.0,1470221.0,832351.0,1850972.0,2880326.0,451298.0,953611.0
90043,City of Commerce (CCT) - Transportation,Commerce,CA,"Los Angeles--Long Beach--Anaheim, CA",51445,1636.83,12237376,892554.0,65113.0,114532.0,48274.0,366580.0,2066312.0,5191157.0,1428434.0,27625.0,42171.0,17804.0,13443.0,224121.0,333154.0,46090.0,37127.0,23999.0,77071.0,2904711.0,967302.0,2307464.0,102275.0,2455543.0,231508.0,765347.0,654629.0,408322.0,488427.0,2693561.0
90012,San Joaquin Regional Transit District (RTD),Stockton,CA,"Stockton, CA",85087,92.46,414847,492923.0,11795.0,467504.0,4490888.0,9511543.0,664849.0,1938814.0,4537468.0,8673835.0,6113051.0,941561.0,9563229.0,11771088.0,7071415.0,5968741.0,10566247.0,22000287.0,5659817.0,7933542.0,16492614.0,7312942.0,11475903.0,5930730.0,31889275.0,37802572.0,8544438.0,12741952.0,12675959.0,23031685.0
90013,Santa Clara Valley Transportation Authority (VTA),San Jose,CA,"San Jose, CA",79039,285.48,1837446,59850106.0,23415324.0,53833078.0,61202126.0,49858060.0,12741497.0,56802876.0,128654202.0,157154916.0,143404081.0,249897772.0,338320639.0,457424715.0,255286342.0,254424379.0,132483589.0,133648550.0,210796404.0,178331880.0,132857347.0,156049942.0,239925574.0,276476386.0,380439370.0,484712559.0,458231743.0,345706801.0,235432459.0,289575469.0
90017,City of Santa Rosa - Transit Division,Santa Rosa,CA,"Santa Rosa, CA",79498,79.39,297329,112598.0,496284.0,202346.0,194538.0,196443.0,93982.0,245189.0,203152.0,4385292.0,1943827.0,2080261.0,988735.0,2105465.0,409194.0,2529508.0,1424247.0,758043.0,3221043.0,3802880.0,926215.0,1003431.0,6265266.0,4162239.0,4659830.0,397366.0,2031347.0,633262.0,113905.0,2243326.0
90089,County of Sonoma (SCT) - Department of Public Infrastructure - Transit Division,Santa Rosa,CA,"Santa Rosa, CA",79498,79.39,297329,1055359.0,2547440.0,218237.0,707038.0,1873759.0,4746064.0,2311560.0,1437281.0,1645088.0,3842329.0,1591758.0,4764563.0,2921535.0,1587277.0,1501016.0,2545051.0,4234300.0,1856672.0,4039994.0,5118561.0,147057.0,4820948.0,1732582.0,7658492.0,538627.0,5691901.0,4492467.0,568262.0,894916.0
90019,Sacramento Regional Transit District,Sacramento,CA,"Sacramento, CA",77068,467.58,1946618,17326903.0,10657376.0,10789791.0,22991454.0,8049217.0,14271024.0,32312835.0,24186015.0,32869765.0,69889075.0,62119484.0,72586923.0,122194939.0,170998811.0,63103237.0,38415713.0,40712261.0,31855676.0,49181994.0,29551215.0,38862243.0,40041790.0,43420871.0,84077220.0,105238241.0,61327828.0,39243537.0,13008405.0,17354151.0
90090,Yolo County Transportation District (YCTD),Woodland,CA,"Sacramento, CA",77068,467.58,1946618,204507.0,28204.0,1294162.0,92296.0,977979.0,468430.0,2935657.0,409383.0,97072.0,2836660.0,245082.0,1344241.0,395173.0,4611318.0,893241.0,1955723.0,1427154.0,6569124.0,422718.0,4102824.0,1686993.0,8093543.0,1497673.0,330268.0,646069.0,3737232.0,5187635.0,4571894.0,634211.0
90020,Santa Barbara Metropolitan Transit District (SBMTD),Santa Barbara,CA,"Santa Barbara, CA",79282,54.81,202197,982324.0,1704267.0,2130320.0,1059627.0,1410017.0,1754760.0,4753627.0,1780202.0,7070893.0,4456984.0,7620472.0,2120897.0,1052524.0,8670733.0,5185273.0,575692.0,5968784.0,988466.0,1977286.0,1004513.0,7832051.0,951984.0,1758386.0,4988891.0,3428376.0,5425714.0,5430467.0,2603444.0,8043967.0
90026,San Diego Metropolitan Transit System (MTS),San Diego,CA,"San Diego, CA",78661,674.72,3070300,7514434.0,19639804.0,1011528.0,17422107.0,2588721.0,12790168.0,759508.0,9886591.0,1519328.0,2350219.0,9773451.0,0.0,0.0,0.0,0.0,0.0,62123194.0,71100679.0,92131402.0,57373804.0,61121492.0,193813544.0,281483184.0,212541636.0,307180460.0,137824239.0,104011978.0,150794068.0,166500203.0
90030,North County Transit District (NCTD),Oceanside,CA,"San Diego, CA",78661,674.72,3070300,22799756.0,17663674.0,92259043.0,40054371.0,46209861.0,18781638.0,20571283.0,11256458.0,18597658.0,15099464.0,27944463.0,24490091.0,29421306.0,42279472.0,75931954.0,155430274.0,152906797.0,86113168.0,47280167.0,16301974.0,27911353.0,32180662.0,42162849.0,26577453.0,100919606.0,135953045.0,183065782.0,17579107.0,16647684.0
90095,San Diego Association of Governments (SANDAG) - Regional Transportation Services,San Diego,CA,"San Diego, CA",78661,674.72,3070300,2619152.0,623984.0,1574803.0,3260469.0,877132.0,157587.0,13608.0,381692.0,724831.0,474573.0,572840.0,0.0,0.0,0.0,0.0,0.0,0.0,0.0,0.0,0.0,0.0,0.0,0.0,0.0,0.0,0.0,0.0,0.0,0.0
90027,City of Fresno (FAX) - Department of Transportation,Fresno,CA,"Fresno, CA",31843,159.11,717589,682953.0,3227144.0,4494445.0,334889.0,3097184.0,2255211.0,459662.0,5967557.0,2540612.0,3992878.0,3035966.0,509533.0,863273.0,10011168.0,2670730.0,14339711.0,1353212.0,1108701.0,493714.0,7662871.0,3989379.0,9807489.0,5389372.0,6340024.0,10067864.0,3391278.0,42585732.0,28724929.0,6581527.0
90029,Omnitrans,San Bernardino,CA,"Riverside--San Bernardino, CA",75340,608.56,2276703,2412385.0,4551011.0,13115450.0,5249870.0,1996325.0,4952503.0,9815836.0,13440372.0,9996873.0,21799810.0,19274858.0,11937094.0,3736324.0,16906496.0,13565568.0,6681545.0,14972925.0,9164586.0,19240144.0,30837279.0,18182657.0,33367174.0,86765384.0,53948644.0,35507609.0,22420028.0,25032977.0,27695449.0,7796413.0
90031,Riverside Transit Agency (RTA),Riverside,CA,"Riverside--San Bernardino, CA",75340,608.56,2276703,1223709.0,2747568.0,4657000.0,6011331.0,2844718.0,6737064.0,1283008.0,2004523.0,2344225.0,1086651.0,4994744.0,19867860.0,21842583.0,5374407.0,4482291.0,5928930.0,4581069.0,5203733.0,9979380.0,9511697.0,8854256.0,5534379.0,7753595.0,56162830.0,11630212.0,20504053.0,24774649.0,6906105.0,22499904.0
90086,"City of Riverside - Parks, Recreation & Community Services / Special Transportation",Riverside,CA,"Riverside--San Bernardino, CA",75340,608.56,2276703,289773.0,0.0,4547.0,254211.0,13265.0,2325.0,349425.0,180718.0,44401.0,14232.0,446019.0,316893.0,912647.0,25123.0,275199.0,444432.0,417304.0,881127.0,942144.0,1223652.0,508401.0,1121209.0,444985.0,890389.0,1504700.0,1347023.0,465810.0,38789.0,152327.0
90032,City of Phoenix - Public Transit,Phoenix,AZ,"Phoenix--Mesa--Scottsdale, AZ",69184,1110.48,3976313,4223370.0,2983710.0,2202345.0,13259658.0,2378866.0,6345385.0,9565572.0,11335895.0,14374939.0,17502664.0,9737919.0,61365170.0,83930345.0,120167251.0,74128394.0,22712512.0,67195079.0,88179294.0,37198329.0,11945911.0,12497571.0,12067586.0,18938074.0,83064430.0,15067113.0,52974594.0,72554350.0,66927166.0,39424788.0
90034,City of Glendale (COG) - Transit/Transportation,Glendale,AZ,"Phoenix--Mesa--Scottsdale, AZ",69184,1110.48,3976313,79435.0,312010.0,99179.0,57988.0,144226.0,57063.0,328335.0,25517.0,270863.0,355209.0,609346.0,64132.0,839048.0,155399.0,302196.0,1083472.0,3601094.0,11302562.0,679929.0,1004458.0,416121.0,30239.0,264303.0,1155292.0,1706901.0,1326119.0,549906.0,61027.0,0.0
90136,Regional Public Transportation Authority (RPTA),Phoenix,AZ,"Phoenix--Mesa--Scottsdale, AZ",69184,1110.48,3976313,0.0,0.0,359289.0,492774.0,24973760.0,748555.0,7550944.0,176483.0,19087929.0,12647335.0,13775402.0,0.0,35529782.0,63545721.0,175172252.0,335002157.0,430751748.0,445726664.0,57358184.0,23649737.0,9826288.0,31973301.0,22882715.0,18764850.0,487258.0,3470590.0,10144737.0,50076815.0,17591523.0
90033,City of Tucson (COT) - Department of Transportation & Mobility / Transit Services Division,Tucson,AZ,"Tucson, AZ",88732,357.35,875441,9470019.0,2232421.0,1749084.0,7446152.0,14451000.0,7768361.0,13778849.0,13781583.0,3926666.0,6772928.0,8957828.0,15975355.0,3725280.0,8822374.0,6128161.0,14097059.0,14141831.0,12728457.0,52844653.0,29383033.0,34411300.0,53047809.0,90946004.0,46900868.0,28682530.0,21489137.0,4445089.0,2066378.0,12196209.0
90035,Gold Coast Transit District (GCTD),Oxnard,CA,"Oxnard--San Buenaventura (Ventura), CA",66673,76.61,376117,50972.0,45647.0,731397.0,18371.0,321771.0,9306263.0,2863006.0,105475.0,278373.0,90255.0,89209.0,2087223.0,2215122.0,1235908.0,1236823.0,173044.0,10244416.0,1684049.0,7859678.0,4335885.0,269334.0,490449.0,1279089.0,1257144.0,11560104.0,5357655.0,8723366.0,11798955.0,1711623.0
90062,Monterey-Salinas Transit (MST),Monterey,CA,"Seaside--Monterey--Pacific Grove, CA",80362,41.18,123495,2688956.0,2126231.0,798046.0,1170944.0,742515.0,3144342.0,4477161.0,3572835.0,2196613.0,6620346.0,4883444.0,5037567.0,4540928.0,2478089.0,2826954.0,2496412.0,2953124.0,8978399.0,1084314.0,3875682.0,2969393.0,2644369.0,7441405.0,1946111.0,14167440.0,4931889.0,8572056.0,32949963.0,6899282.0
90078,Central Contra Costa Transit Authority (CCCTA),Concord,CA,"Concord--Walnut Creek, CA",19504,175.76,538583,1193465.0,1390087.0,593432.0,717792.0,1458839.0,2296095.0,12327306.0,623510.0,3058152.0,3228511.0,2873295.0,11965282.0,10709300.0,1037731.0,1109599.0,2411024.0,1114716.0,581252.0,2018819.0,18691673.0,2292263.0,4334290.0,6164275.0,4967263.0,2935527.0,17599423.0,18972487.0,2812612.0,7050598.0
90079,SunLine Transit Agency,Thousand Palms,CA,"Indio--Palm Desert--Palm Springs, CA",41347,151.82,361075,406397.0,709713.0,246372.0,10340004.0,637546.0,2573507.0,1250126.0,844591.0,1836122.0,1791118.0,1564191.0,1268501.0,1582135.0,4076962.0,2211274.0,5418700.0,4529893.0,12179648.0,16835531.0,3768273.0,10048734.0,4603421.0,6099242.0,14722757.0,10491642.0,5012097.0,9037776.0,16342766.0,20651506.0
90087,City of Santa Maria (SMRT),Santa Maria,CA,"Santa Maria, CA",79417,27.06,143609,52061.0,291842.0,737769.0,101463.0,10274.0,98509.0,639108.0,67052.0,362917.0,363842.0,2288731.0,138643.0,280956.0,2486828.0,215407.0,662364.0,93663.0,515437.0,1700465.0,3398206.0,5075290.0,814624.0,275512.0,5619876.0,1964779.0,2036453.0,4642475.0,4254154.0,2635675.0
90091,City of Visalia (VT) - Transportation ,Visalia,CA,"Visalia, CA",90946,37.7,160578,389615.0,4251.0,163927.0,16246.0,1917502.0,394098.0,985529.0,76710.0,0.0,43504.0,420197.0,1346612.0,2674704.0,3791466.0,875488.0,3096008.0,7649434.0,944438.0,6862305.0,4480119.0,4739849.0,3943557.0,2642865.0,727294.0,984873.0,1507700.0,3198107.0,719691.0,637723.0
90092,"City of Fairfield, California - Transportation Division/Public Works Department",Fairfield,CA,"Fairfield, CA",28657,40.81,150122,499540.0,613319.0,428767.0,283693.0,163277.0,0.0,3739724.0,825258.0,1201169.0,4725533.0,6637925.0,6053877.0,3358545.0,4772120.0,1084568.0,866443.0,352393.0,3341817.0,818015.0,1979301.0,5619820.0,6466987.0,6183892.0,5636402.0,10273808.0,27416058.0,13872915.0,14426515.0,6913315.0
