UACE,Name,1991,1992,1993,1994,1995,1996,1997,1998,1999,2000,2001,2002,2003,2004,2005,2006,2007,2008,2009,2010,2011,2012,2013,2014,2015,2016,2017,2018,2019,2020,2021,2022,2023
80389,"Seattle--Tacoma, WA",2399735,2434454,2469173,2503892,2538611,2573329,2608048,2642767,2677486,2712205,2746923,2781642,2816361,2851080,2885799,2920517,2955236,2989955,3024674,3059393,3107854,3156316,3204778,3253240,3301702,3350163,3398625,3447087,3495549,3544011,3592472,3640934,3689396
83764,"Spokane, WA",287167,292466,297765,303064,308363,313662,318961,324260,329559,334858,340156,345455,350754,356053,361352,366651,371950,377249,382548,387847,393790,399733,405676,411619,417563,423506,429449,435392,441335,447279,453222,459165,465108
97507,"Yakima, WA",97769,99441,101113,102785,104457,106128,107800,109472,111144,112816,114487,116159,117831,119503,121175,122846,124518,126190,127862,129534,129895,130256,130617,130978,131339,131700,132061,132422,132783,133145,133506,133867,134228
28117,"Eugene, OR",203014,205351,207688,210025,212363,214700,217037,219374,221711,224049,226386,228723,231060,233397,235735,238072,240409,242746,245083,247421,249696,251972,254248,256524,258800,261075,263351,265627,267903,270179,272454,274730,277006
71317,"Portland, OR--WA",1343054,1369730,1396406,1423082,1449758,1476434,1503110,1529786,1556462,1583138,1609814,1636490,1663166,1689842,1716518,1743194,1769870,1796546,1823222,1849898,1875332,1900766,1926200,1951634,1977068,2002502,2027936,2053370,2078804,2104238,2129672,2155106,2180540
08785,"Boise City, ID",203271,210977,218683,226389,234095,241801,249507,257213,264919,272625,280330,288036,295742,303448,311154,318860,326566,334272,341978,349684,358033,366383,374732,383082,391432,399781,408131,416480,424830,433180,441529,449879,458228
02305,"Anchorage, AK",202794,205344,207894,210444,212994,215544,218094,220644,223194,225744,228293,230843,233393,235943,238493,241043,243593,246143,248693,251243,251043,250844,250645,250446,250247,250048,249849,249650,249451,249252,249052,248853,248654
51283,"Longview, WA--OR",57284,57635,57986,58337,58688,59039,59390,59741,60092,60443,60793,61144,61495,61846,62197,62548,62899,63250,63601,63952,64540,65129,65718,66307,66896,67485,68074,68663,69252,69841,70429,71018,71607
44479,"Kennewick--Richland--Pasco, WA",102439,108151,113864,119576,125289,131001,136713,142426,148138,153851,159563,165275,170988,176700,182413,188125,193837,199550,205262,210975,215417,219860,224302,228745,233188,237630,242073,246515,250958,255401,259843,264286,268728
65242,"Olympia--Lacey, WA",114314,117593,120872,124151,127430,130709,133988,137267,140546,143826,147105,150384,153663,156942,160221,163500,166779,170058,173337,176617,179771,182925,186079,189233,192387,195541,198695,201849,205003,208157,211311,214465,217619
09946,"Bremerton, WA",159820,161881,163942,166003,168064,170125,172186,174247,176308,178369,180430,182491,184552,186613,188674,190735,192796,194857,196918,198979,201526,204073,206620,209167,211714,214261,216808,219355,221902,224449,226996,229543,232090
06652,"Bellingham, WA",57189,60204,63219,66234,69249,72264,75279,78294,81309,84324,87338,90353,93368,96383,99398,102413,105428,108443,111458,114473,115923,117374,118824,120275,121726,123176,124627,126077,127528,128979,130429,131880,133330
78229,"Salem, OR",180766,183706,186646,189587,192527,195467,198408,201348,204288,207229,210169,213109,216049,218990,221930,224870,227811,230751,233691,236632,239801,242971,246141,249311,252481,255651,258821,261991,265161,268331,271500,274670,277840
55981,"Medford, OR",106009,108539,111069,113599,116129,118659,121189,123719,126249,128780,131310,133840,136370,138900,141430,143960,146490,149020,151550,154081,155836,157592,159348,161104,162860,164616,166372,168128,169884,171640,173395,175151,176907
93862,"Wenatchee, WA",44803,45983,47163,48343,49524,50704,51884,53064,54244,55425,56605,57785,58965,60145,61326,62506,63686,64866,66046,67227,68318,69410,70501,71593,72684,73776,74867,75959,77050,78142,79233,80325,81416
60490,"Mount Vernon, WA",40561,41740,42919,44098,45278,46457,47636,48815,49994,51174,52353,53532,54711,55890,57070,58249,59428,60607,61786,62966,63351,63737,64123,64509,64895,65281,65667,66053,66439,66825,67210,67596,67982
06868,"Bend, OR",33882,36509,39136,41763,44390,47017,49644,52271,54898,57525,60151,62778,65405,68032,70659,73286,75913,78540,81167,83794,86113,88432,90752,93071,95391,97710,100029,102349,104668,106988,109307,111626,113946
72505,"Providence, RI--MA",1159780,1161421,1163062,1164703,1166344,1167984,1169625,1171266,1172907,1174548,1176188,1177829,1179470,1181111,1182752,1184392,1186033,1187674,1189315,1190956,1200441,1209926,1219411,1228896,1238381,1247866,1257351,1266836,1276321,1285806,1295291,1304776,1314261
09271,"Boston, MA--NH",3898802,3913656,3928509,3943363,3958216,3973070,3987923,4002777,4017630,4032484,4047337,4062191,4077044,4091898,4106751,4121605,4136458,4151312,4166165,4181019,4201118,4221217,4241316,4261415,4281514,4301613,4321712,4341811,4361910,4382009,4402108,4422207,4442306
61786,"New Bedford, MA",144288,144559,144830,145102,145373,145644,145916,146187,146458,146730,147001,147272,147543,147815,148086,148357,148629,148900,149171,149443,150047,150652,151257,151862,152467,153071,153676,154281,154886,155491,156095,156700,157305
69778,"Pittsfield, MA",47055,47690,48325,48960,49596,50231,50866,51501,52136,52772,53407,54042,54677,55312,55948,56583,57218,57853,58488,59124,58283,57443,56602,55762,54922,54081,53241,52400,51560,50720,49879,49039,48198
83926,"Springfield, MA--CT",530689,535458,540227,544996,549765,554534,559303,564072,568841,573610,578379,583148,587917,592686,597455,602224,606993,611762,616531,621300,603384,585469,567553,549638,531722,513807,495891,477976,460060,442145,424229,406314,388398
97291,"Worcester, MA--CT",378913,384576,390239,395902,401566,407229,412892,418555,424218,429882,435545,441208,446871,452534,458198,463861,469524,475187,480850,486514,486071,485628,485185,484742,484299,483856,483413,482970,482527,482085,481642,481199,480756
71263,"Portland, ME",173829,175412,176996,178579,180163,181746,183329,184913,186496,188080,189663,191246,192830,194413,195997,197580,199163,200747,202330,203914,204058,204202,204346,204490,204635,204779,204923,205067,205211,205356,205500,205644,205788
37243,"Hartford, CT",785543,792875,800208,807540,814873,822205,829537,836870,844202,851535,858867,866199,873532,880864,888197,895529,902861,910194,917526,924859,930088,935318,940548,945778,951008,956238,961468,966698,971928,977158,982387,987617,992847
64135,"Norwich--New London, CT",140733,144336,147939,151542,155145,158748,162351,165954,169557,173160,176763,180366,183969,187572,191175,194778,198381,201984,205587,209190,205014,200838,196662,192486,188311,184135,179959,175783,171607,167432,163256,159080,154904
10162,"Bridgeport--Stamford, CT--NY",857911,861353,864795,868237,871679,875121,878563,882005,885447,888890,892332,895774,899216,902658,906100,909542,912984,916426,919868,923311,922620,921930,921240,920549,919859,919169,918478,917788,917098,916408,915717,915027,914337
62407,"New Haven, CT",502941,506094,509246,512399,515551,518704,521856,525009,528161,531314,534466,537619,540771,543924,547076,550229,553381,556534,559686,562839,562700,562562,562424,562285,562147,562009,561870,561732,561594,561456,561317,561179,561041
22096,"Danbury, CT--NY",142142,143510,144878,146246,147614,148982,150350,151718,153086,154455,155823,157191,158559,159927,161295,162663,164031,165399,166767,168136,168490,168844,169199,169553,169908,170262,170616,170971,171325,171680,172034,172388,172743
49096,"Leominster--Fitchburg, MA",109327,109729,110131,110532,110934,111336,111737,112139,112541,112943,113344,113746,114148,114549,114951,115353,115754,116156,116558,116960,116443,115926,115409,114892,114375,113858,113341,112824,112307,111790,111273,110756,110239
11755,"Burlington, VT",102327,102665,103002,103340,103677,104015,104352,104690,105027,105365,105702,106040,106377,106715,107052,107390,107727,108065,108402,108740,109669,110598,111527,112456,113386,114315,115244,116173,117102,118032,118961,119890,120819
24607,"Dover--Rochester, NH--ME",73588,74351,75114,75877,76640,77403,78166,78929,79692,80456,81219,81982,82745,83508,84271,85034,85797,86560,87323,88087,86517,84947,83378,81808,80239,78669,77099,75530,73960,72391,70821,69251,67682
61165,"Nashua, NH--MA",170834,173759,176683,179608,182532,185457,188381,191306,194230,197155,200079,203004,205928,208853,211777,214702,217626,220551,223475,226400,228058,229716,231375,233033,234692,236350,238008,239667,241325,242984,244642,246300,247959
49339,"Lewiston, ME",42620,43503,44386,45269,46152,47035,47918,48801,49684,50567,51450,52333,53216,54099,54982,55865,56748,57631,58514,59397,59531,59666,59800,59935,60070,60204,60339,60473,60608,60743,60877,61012,61146
05167,"Barnstable Town, MA",240941,241244,241547,241850,242153,242455,242758,243061,243364,243667,243969,244272,244575,244878,245181,245483,245786,246089,246392,246695,252352,258009,263667,269324,274982,280639,286296,291954,297611,303269,308926,314583,320241
92485,"Waterbury, CT",184067,184618,185169,185720,186271,186822,187373,187924,188475,189026,189576,190127,190678,191229,191780,192331,192882,193433,193984,194535,195013,195491,195969,196447,196926,197404,197882,198360,198838,199317,199795,200273,200751
07732,"Binghamton, NY",159604,159524,159444,159364,159284,159204,159124,159044,158964,158884,158804,158724,158644,158564,158484,158404,158324,158244,158164,158084,157869,157655,157441,157227,157013,156798,156584,156370,156156,155942,155727,155513,155299
11350,"Buffalo, NY",1013420,1009340,1005260,1001181,997101,993021,988942,984862,980782,976703,972623,968543,964463,960384,956304,952224,948145,944065,939985,935906,937201,938497,939793,941089,942385,943680,944976,946272,947568,948864,950159,951455,952751
63217,"New York--Jersey City--Newark, NY--NJ",17303570,17358713,17413857,17469000,17524144,17579287,17634430,17689574,17744717,17799861,17855004,17910147,17965291,18020434,18075578,18130721,18185864,18241008,18296151,18351295,18458810,18566325,18673841,18781356,18888872,18996387,19103902,19211418,19318933,19426449,19533964,19641479,19748995
71803,"Poughkeepsie--Newburgh, NY",287556,294714,301873,309031,316190,323348,330506,337665,344823,351982,359140,366298,373457,380615,387774,394932,402090,409249,416407,423566,412686,401806,390926,380046,369166,358286,347406,336526,325646,314766,303886,293006,282126
86302,"Syracuse, NY",393222,394227,395232,396237,397242,398247,399252,400257,401262,402267,403272,404277,405282,406287,407292,408297,409302,410307,411312,412317,412451,412585,412719,412854,412988,413122,413257,413391,413525,413660,413794,413928,414062
69076,"Philadelphia, PA--NJ--DE--MD",4885839,4915088,4944337,4973586,5002835,5032083,5061332,5090581,5119830,5149079,5178327,5207576,5236825,5266074,5295323,5324571,5353820,5383069,5412318,5441567,5467022,5492478,5517934,5543390,5568846,5594301,5619757,5645213,5670669,5696125,5721580,5747036,5772492
75664,"Rochester, NY",670837,673455,676072,678690,681308,683925,686543,689160,691778,694396,697013,699631,702248,704866,707484,710101,712719,715336,717954,720572,718947,717323,715698,714074,712449,710825,709200,707576,705951,704327,702702,701078,699453
41914,"Ithaca, NY",53408,53421,53434,53448,53461,53474,53488,53501,53514,53528,53541,53554,53567,53581,53594,53607,53621,53634,53647,53661,54205,54749,55293,55837,56381,56925,57469,58013,58557,59102,59646,60190,60734
15481,"Charleston, WV",209803,206824,203845,200866,197887,194907,191928,188949,185970,182991,180011,177032,174053,171074,168095,165115,162136,159157,156178,153199,151974,150750,149526,148302,147078,145854,144630,143406,142182,140958,139733,138509,137285
40753,"Huntington, WV--KY--OH",154971,157480,159989,162497,165006,167515,170023,172532,175041,177550,180058,182567,185076,187584,190093,192602,195110,197619,200128,202637,202389,202141,201893,201645,201397,201149,200901,200653,200405,200157,199909,199661,199413
74746,"Richmond, VA",697588,711060,724532,738004,751476,764948,778420,791892,805364,818836,832308,845780,859252,872724,886196,899668,913140,926612,940084,953556,964115,974674,985234,995793,1006353,1016912,1027471,1038031,1048590,1059150,1069709,1080268,1090828
75421,"Roanoke, VA",186039,187306,188573,189840,191107,192374,193641,194908,196175,197442,198708,199975,201242,202509,203776,205043,206310,207577,208844,210111,210831,211551,212271,212991,213711,214431,215151,215871,216591,217312,218032,218752,219472
52201,"Lynchburg, VA",82584,84376,86168,87960,89753,91545,93337,95129,96921,98714,100506,102298,104090,105882,107675,109467,111259,113051,114843,116636,117532,118428,119324,120220,121116,122012,122908,123804,124700,125596,126492,127388,128284
01495,"Allentown--Bethlehem, PA--NJ",496989,505813,514637,523462,532286,541110,549935,558759,567583,576408,585232,594056,602880,611705,620529,629353,638178,647002,655826,664651,660356,656061,651766,647471,643177,638882,634587,630292,625997,621703,617408,613113,608818
01792,"Altoona, PA",84851,84592,84333,84074,83815,83556,83297,83038,82779,82520,82261,82002,81743,81484,81225,80966,80707,80448,80189,79930,79379,78829,78278,77728,77178,76627,76077,75526,74976,74426,73875,73325,72774
43291,"Johnstown, PA",82502,81792,81082,80372,79662,78952,78242,77532,76822,76113,75403,74693,73983,73273,72563,71853,71143,70433,69723,69014,68264,67515,66766,66016,65267,64518,63768,63019,62270,61521,60771,60022,59273
27766,"Erie, PA",193177,193358,193539,193719,193900,194081,194261,194442,194623,194804,194984,195165,195346,195526,195707,195888,196068,196249,196430,196611,195731,194852,193973,193094,192215,191336,190457,189578,188699,187820,186940,186061,185182
80227,"Scranton, PA",388598,388225,387851,387478,387104,386731,386357,385984,385610,385237,384863,384490,384116,383743,383369,382996,382622,382249,381875,381502,380023,378544,377065,375586,374107,372628,371149,369670,368191,366713,365234,363755,362276
69697,"Pittsburgh, PA",1770490,1768562,1766634,1764705,1762777,1760849,1758920,1756992,1755064,1753136,1751207,1749279,1747351,1745422,1743494,1741566,1739637,1737709,1735781,1733853,1734971,1736090,1737208,1738327,1739446,1740564,1741683,1742801,1743920,1745039,1746157,1747276,1748394
95455,"Williamsport, PA",60988,60733,60478,60223,59968,59713,59458,59203,58948,58693,58437,58182,57927,57672,57417,57162,56907,56652,56397,56142,56062,55982,55902,55822,55743,55663,55583,55503,55423,55344,55264,55184,55104
92242,"Washington--Arlington, DC--VA--MD",3346355,3411640,3476925,3542210,3607495,3672780,3738065,3803350,3868635,3933920,3999205,4064490,4129775,4195060,4260345,4325630,4390915,4456200,4521485,4586770,4645568,4704367,4763166,4821965,4880764,4939563,4998362,5057161,5115960,5174759,5233557,5292356,5351155
04843,"Baltimore, MD",1961775,1974506,1987237,1999968,2012699,2025430,2038161,2050892,2063623,2076354,2089084,2101815,2114546,2127277,2140008,2152739,2165470,2178201,2190932,2203663,2204500,2205338,2206175,2207013,2207850,2208688,2209525,2210363,2211200,2212038,2212875,2213713,2214550
94726,"Wheeling, WV--OH",93340,92704,92067,91431,90795,90158,89522,88885,88249,87613,86976,86340,85703,85067,84431,83794,83158,82521,81885,81249,78893,76538,74182,71827,69472,67116,64761,62405,60050,57695,55339,52984,50628
15724,"Charlottesville, VA",71630,72721,73812,74903,75994,77085,78176,79267,80358,81449,82540,83631,84722,85813,86904,87995,89086,90177,91268,92359,93542,94725,95908,97091,98275,99458,100641,101824,103007,104191,105374,106557,107740
84493,"State College, PA",56763,58378,59993,61609,63224,64839,66455,68070,69685,71301,72916,74531,76146,77762,79377,80992,82608,84223,85838,87454,87076,86698,86320,85942,85564,85186,84808,84430,84052,83674,83296,82918,82540
31519,"Frederick, MD",98955,101198,103441,105684,107928,110171,112414,114657,116900,119144,121387,123630,125873,128116,130360,132603,134846,137089,139332,141576,145064,148552,152040,155528,159016,162504,165992,169480,172968,176456,179944,183432,186920
90892,"Virginia Beach--Norfolk, VA",1353734,1358257,1362780,1367302,1371825,1376348,1380870,1385393,1389916,1394439,1398961,1403484,1408007,1412529,1417052,1421575,1426097,1430620,1435143,1439666,1440857,1442048,1443239,1444430,1445622,1446813,1448004,1449195,1450386,1451578,1452769,1453960,1455151
08002,"Blacksburg--Christiansburg, VA",29060,32191,35321,38452,41583,44713,47844,50974,54105,57236,60366,63497,66627,69758,72889,76019,79150,82280,85411,88542,86927,85313,83699,82085,80471,78856,77242,75628,74014,72400,70785,69171,67557
37162,"Harrisonburg, VA",39923,41337,42751,44164,45578,46992,48405,49819,51233,52647,54060,55474,56888,58301,59715,61129,62542,63956,65370,66784,67443,68102,68761,69421,70080,70739,71399,72058,72717,73377,74036,74695,75354
48664,"Lebanon, PA",51616,52957,54297,55638,56978,58319,59659,61000,62340,63681,65021,66362,67702,69043,70383,71724,73064,74405,75745,77086,76925,76765,76605,76445,76285,76125,75965,75805,75645,75485,75324,75164,75004
78364,"Salisbury, MD--DE",24636,28502,32367,36233,40098,43964,47829,51695,55560,59426,63291,67157,71022,74888,78753,82619,86484,90350,94215,98081,96080,94079,92079,90078,88078,86077,84076,82076,80075,78075,76074,74073,72073
59275,"Morgantown, WV",43079,44514,45949,47385,48820,50255,51691,53126,54561,55997,57432,58867,60302,61738,63173,64608,66044,67479,68914,70350,71077,71804,72531,73258,73985,74712,75439,76166,76893,77620,78347,79074,79801
47530,"Lancaster--Manheim, PA",252949,260794,268639,276484,284329,292174,300019,307864,315709,323554,331399,339244,347089,354934,362779,370624,378469,386314,394159,402004,401256,400509,399761,399014,398267,397519,396772,396024,395277,394530,393782,393035,392287
15832,"Chattanooga, TN--GA",309666,313426,317186,320947,324707,328467,332228,335988,339748,343509,347269,351029,354789,358550,362310,366070,369831,373591,377351,381112,382857,384603,386349,388094,389840,391586,393331,395077,396823,398569,400314,402060,403806
45640,"Knoxville, TN",294850,308737,322623,336510,350397,364283,378170,392056,405943,419830,433716,447603,461489,475376,489263,503149,517036,530922,544809,558696,562552,566408,570264,574120,577976,581832,585688,589544,593400,597257,601113,604969,608825
56116,"Memphis, TN--MS--AR",892918,901715,910512,919309,928106,936903,945700,954497,963294,972091,980888,989685,998482,1007279,1016076,1024873,1033670,1042467,1051264,1060061,1059673,1059286,1058899,1058512,1058125,1057738,1057351,1056964,1056577,1056190,1055802,1055415,1055028
61273,"Nashville-Davidson, TN",552248,574213,596178,618143,640109,662074,684039,706004,727969,749935,771900,793865,815830,837795,859761,881726,903691,925656,947621,969587,988492,1007398,1026303,1045209,1064114,1083020,1101925,1120831,1139736,1158642,1177547,1196453,1215358
03358,"Asheville, NC",168399,174307,180215,186123,192031,197938,203846,209754,215662,221570,227477,233385,239293,245201,251109,257016,262924,268832,274740,280648,281160,281673,282186,282699,283212,283724,284237,284750,285263,285776,286288,286801,287314
95833,"Wilmington, NC",108221,114102,119983,125864,131745,137625,143506,149387,155268,161149,167029,172910,178791,184672,190553,196433,202314,208195,214076,219957,223494,227031,230568,234105,237643,241180,244717,248254,251791,255329,258866,262403,265940
73261,"Raleigh, NC",232499,266835,301172,335508,369845,404181,438517,472854,507190,541527,575863,610199,644536,678872,713209,747545,781881,816218,850554,884891,907066,929242,951417,973593,995768,1017944,1040119,1062295,1084470,1106646,1128821,1150997,1173172
15670,"Charlotte, NC--SC",317463,366515,415566,464618,513669,562721,611772,660824,709875,758927,807978,857030,906081,955133,1004184,1053236,1102287,1151339,1200390,1249442,1262485,1275528,1288571,1301614,1314657,1327700,1340743,1353786,1366829,1379873,1392916,1405959,1419002
29440,"Fayetteville, NC",245845,249236,252628,256019,259411,262802,266193,269585,272976,276368,279759,283150,286542,289933,293325,296716,300107,303499,306890,310282,311754,313227,314699,316172,317645,319117,320590,322062,323535,325008,326480,327953,329425
96670,"Winston-Salem, NC",216729,225902,235076,244249,253423,262596,271769,280943,290116,299290,308463,317636,326810,335983,345157,354330,363503,372677,381850,391024,394014,397004,399994,402984,405974,408964,411954,414944,417934,420924,423914,426904,429894
35920,"Gulfport--Biloxi, MS",202879,203198,203518,203837,204157,204476,204795,205115,205434,205754,206073,206392,206712,207031,207351,207670,207989,208309,208628,208948,211687,214427,217166,219906,222646,225385,228125,230864,233604,236344,239083,241823,244562
42211,"Jackson, MS",239680,245564,251448,257332,263216,269100,274984,280868,286752,292637,298521,304405,310289,316173,322057,327941,333825,339709,345593,351478,351099,350721,350342,349964,349585,349207,348828,348450,348071,347693,347314,346936,346557
49582,"Lexington-Fayette, KY",215651,219578,223505,227432,231359,235286,239213,243140,247067,250994,254920,258847,262774,266701,270628,274555,278482,282409,286336,290263,292799,295336,297873,300410,302947,305483,308020,310557,313094,315631,318167,320704,323241
16885,"Cincinnati, OH--KY",1393853,1406010,1418166,1430323,1442479,1454636,1466792,1478949,1491105,1503262,1515418,1527575,1539731,1551888,1564044,1576201,1588357,1600514,1612670,1624827,1631018,1637210,1643402,1649593,1655785,1661977,1668168,1674360,1680552,1686744,1692935,1699127,1705319
00901,"Albany, GA",95153,95186,95219,95252,95285,95318,95351,95384,95417,95450,95482,95515,95548,95581,95614,95647,95680,95713,95746,95779,94797,93815,92833,91851,90869,89887,88905,87923,86941,85960,84978,83996,83014
03817,"Atlanta, GA",2585818,2687376,2788934,2890492,2992050,3093608,3195166,3296724,3398282,3499840,3601397,3702955,3804513,3906071,4007629,4109187,4210745,4312303,4413861,4515419,4573888,4632357,4690826,4749296,4807765,4866234,4924704,4983173,5041642,5100112,5158581,5217050,5275519
04222,"Augusta-Richmond County, GA--SC",289588,294704,299820,304935,310051,315167,320282,325398,330514,335630,340745,345861,350977,356092,361208,366324,371439,376555,381671,386787,391256,395725,400194,404664,409133,413602,418072,422541,427010,431480,435949,440418,444887
79768,"Savannah, GA",162274,167453,172632,177811,182990,188169,193348,198527,203706,208886,214065,219244,224423,229602,234781,239960,245139,250318,255497,260677,265555,270434,275313,280192,285071,289950,294829,299708,304587,309466,314344,319223,324102
86599,"Tampa--St. Petersburg, FL",1720851,1758794,1796737,1834680,1872623,1910566,1948509,1986452,2024395,2062339,2100282,2138225,2176168,2214111,2252054,2289997,2327940,2365883,2403826,2441770,2475897,2510025,2544152,2578280,2612407,2646535,2680662,2714790,2748917,2783045,2817172,2851300,2885427
13510,"Cape Coral, FL",149277,169330,189383,209437,229490,249543,269597,289650,309703,329757,349810,369863,389916,409970,430023,450076,470130,490183,510236,530290,537185,544080,550975,557870,564766,571661,578556,585451,592346,599242,606137,613032,619927
56602,"Miami--Fort Lauderdale, FL",4394027,4452361,4510695,4569030,4627364,4685698,4744033,4802367,4860701,4919036,4977370,5035704,5094038,5152373,5210707,5269041,5327376,5385710,5444044,5502379,5559893,5617407,5674921,5732436,5789950,5847464,5904979,5962493,6020007,6077522,6135036,6192550,6250064
32167,"Gainesville, FL",134062,136889,139716,142544,145371,148198,151026,153853,156680,159508,162335,165162,167989,170817,173644,176471,179299,182126,184953,187781,190377,192974,195571,198167,200764,203361,205957,208554,211151,213748,216344,218941,221538
46828,"Lakeland, FL",142688,148999,155310,161621,167932,174243,180554,186865,193176,199487,205797,212108,218419,224730,231041,237352,243663,249974,256285,262596,264127,265659,267191,268723,270255,271787,273319,274851,276383,277915,279446,280978,282510
65863,"Orlando, FL",839654,874963,910271,945580,980888,1016197,1051505,1086814,1122122,1157431,1192739,1228048,1263356,1298665,1333973,1369282,1404590,1439899,1475207,1510516,1544854,1579192,1613530,1647868,1682206,1716544,1750882,1785220,1819558,1853896,1888234,1922572,1956910
86464,"Tallahassee, FL",171893,175489,179085,182682,186278,189874,193471,197067,200663,204260,207856,211452,215048,218645,222241,225837,229434,233030,236626,240223,241494,242765,244036,245307,246578,247849,249120,250391,251662,252934,254205,255476,256747
68482,"Pensacola, FL--AL",309127,310755,312384,314012,315641,317269,318897,320526,322154,323783,325411,327039,328668,330296,331925,333553,335181,336810,338438,340067,345077,350088,355098,360109,365119,370130,375140,380151,385161,390172,395182,400193,405203
42346,"Jacksonville, FL",717663,735955,754248,772540,790833,809125,827417,845710,864002,882295,900587,918879,937172,955464,973757,992049,1010341,1028634,1046926,1065219,1083434,1101650,1119865,1138081,1156296,1174512,1192727,1210943,1229158,1247374,1265589,1283805,1302020
07786,"Birmingham, AL",586323,594911,603499,612087,620675,629263,637851,646439,655027,663615,672203,680791,689379,697967,706555,715143,723731,732319,740907,749495,752041,754587,757133,759679,762225,764771,767317,769863,772409,774956,777502,780048,782594
57925,"Mobile, AL",309884,310742,311600,312458,313316,314173,315031,315889,316747,317605,318462,319320,320178,321036,321894,322751,323609,324467,325325,326183,325755,325327,324900,324472,324045,323617,323189,322762,322334,321907,321479,321051,320624
58600,"Montgomery, AL",136578,143280,149981,156683,163384,170086,176787,183489,190190,196892,203593,210295,216996,223698,230399,237101,243802,250504,257205,263907,262951,261995,261039,260083,259127,258171,257215,256259,255303,254348,253392,252436,251480
03763,"Athens-Clarke County, GA",86437,88664,90891,93118,95346,97573,99800,102027,104254,106482,108709,110936,113163,115390,117618,119845,122072,124299,126526,128754,130199,131645,133091,134537,135983,137429,138875,140321,141767,143213,144658,146104,147550
25228,"Durham, NC",233970,239951,245931,251912,257893,263873,269854,275834,281815,287796,293776,299757,305737,311718,317699,323679,329660,335640,341621,347602,352453,357305,362156,367008,371860,376711,381563,386414,391266,396118,400969,405821,410672
35461,"Greenville, SC",213725,223555,233385,243215,253045,262874,272704,282534,292364,302194,312023,321853,331683,341513,351343,361172,371002,380832,390662,400492,399169,397847,396525,395203,393881,392559,391237,389915,388593,387271,385948,384626,383304
42265,"Jackson, TN",58971,59650,60330,61009,61689,62368,63047,63727,64406,65086,65765,66444,67124,67803,68483,69162,69841,70521,71200,71880,71972,72065,72158,72251,72344,72437,72530,72623,72716,72809,72901,72994,73087
76204,"Rome, GA",55979,56235,56492,56748,57005,57261,57517,57774,58030,58287,58543,58799,59056,59312,59569,59825,60081,60338,60594,60851,60806,60761,60716,60671,60627,60582,60537,60492,60447,60403,60358,60313,60268
67105,"Palm Bay--Melbourne, FL",339737,345687,351637,357587,363538,369488,375438,381388,387338,393289,399239,405189,411139,417089,423040,428990,434940,440890,446840,452791,458579,464367,470156,475944,481733,487521,493309,499098,504886,510675,516463,522251,528040
40780,"Huntsville, AL",147157,154501,161845,169189,176533,183877,191221,198565,205909,213253,220596,227940,235284,242628,249972,257316,264660,272004,279348,286692,290929,295166,299404,303641,307879,312116,316353,320591,324828,329066,333303,337540,341778
79093,"San Juan, PR",2278059,2271232,2264405,2257578,2250751,2243924,2237097,2230270,2223443,2216616,2209789,2202962,2196135,2189308,2182481,2175654,2168827,2162000,2155173,2148346,2117952,2087558,2057165,2026771,1996378,1965984,1935590,1905197,1874803,1844410,1814016,1783622,1753229
35164,"Greensboro, NC",228350,232743,237135,241528,245921,250313,254706,259098,263491,267884,272276,276669,281061,285454,289847,294239,298632,303024,307417,311810,314521,317233,319945,322657,325369,328080,330792,333504,336216,338928,341639,344351,347063
85708,"Sumter, SC",56411,57290,58169,59047,59926,60805,61683,62562,63441,64320,65198,66077,66956,67834,68713,69592,70470,71349,72228,73107,72678,72250,71822,71394,70966,70537,70109,69681,69253,68825,68396,67968,67540
15508,"Charleston, SC",310915,323414,335914,348413,360913,373412,385911,398411,410910,423410,435909,448408,460908,473407,485907,498406,510905,523405,535904,548404,562040,575677,589314,602951,616588,630225,643862,657499,671136,684773,698409,712046,725683
08974,"Bonita Springs--Estero, FL",141108,150013,158918,167822,176727,185632,194536,203441,212346,221251,230155,239060,247965,256869,265774,274679,283583,292488,301393,310298,321835,333373,344911,356448,367986,379524,391061,402599,414137,425675,437212,448750,460288
18964,"Columbia, SC",304221,317145,330069,342993,355917,368841,381765,394689,407613,420537,433461,446385,459309,472233,485157,498081,511005,523929,536853,549777,553840,557903,561966,566029,570092,574155,578218,582281,586344,590407,594470,598533,602596
48799,"Leesburg--Eustis--Tavares, FL",67041,70425,73809,77193,80577,83961,87345,90729,94113,97497,100881,104265,107649,111033,114417,117801,121185,124569,127953,131337,133355,135374,137392,139411,141430,143448,145467,147485,149504,151523,153541,155560,157578
38647,"Hickory, NC",165859,168298,170737,173175,175614,178053,180491,182930,185369,187808,190246,192685,195124,197562,200001,202440,204878,207317,209756,212195,211126,210058,208989,207921,206853,205784,204716,203647,202579,201511,200442,199374,198305
71479,"Port St. Lucie, FL",176028,186555,197082,207610,218137,228664,239192,249719,260246,270774,281301,291828,302355,312883,323410,333937,344465,354992,365519,376047,382216,388386,394556,400726,406896,413065,419235,425405,431575,437745,443914,450084,456254
83548,"Spartanburg, SC",112902,116475,120048,123621,127194,130766,134339,137912,141485,145058,148630,152203,155776,159349,162922,166494,170067,173640,177213,180786,182401,184017,185633,187248,188864,190480,192095,193711,195327,196943,198558,200174,201790
22690,"Decatur, AL",36006,37818,39630,41442,43254,45066,46878,48690,50502,52315,54127,55939,57751,59563,61375,63187,64999,66811,68623,70436,69438,68440,67442,66444,65447,64449,63451,62453,61455,60458,59460,58462,57464
43210,"Johnson City, TN",86292,88088,89884,91680,93476,95272,97068,98864,100660,102456,104251,106047,107843,109639,111435,113231,115027,116823,118619,120415,121225,122035,122846,123656,124467,125277,126087,126898,127708,128519,129329,130139,130950
66484,"Owensboro, KY",65074,65362,65650,65938,66226,66513,66801,67089,67377,67665,67952,68240,68528,68816,69104,69391,69679,69967,70255,70543,71132,71721,72310,72899,73488,74077,74666,75255,75844,76433,77022,77611,78200
02764,"Appleton, WI",162059,164906,167753,170600,173447,176294,179141,181988,184835,187683,190530,193377,196224,199071,201918,204765,207612,210459,213306,216154,217635,219116,220597,222079,223560,225041,226523,228004,229485,230967,232448,233929,235410
34813,"Green Bay, WI",170032,171952,173873,175793,177714,179634,181554,183475,185395,187316,189236,191156,193077,194997,196918,198838,200758,202679,204599,206520,208283,210047,211810,213574,215338,217101,218865,220628,222392,224156,225919,227683,229446
44506,"Kenosha, WI",99132,100444,101756,103068,104381,105693,107005,108317,109629,110942,112254,113566,114878,116190,117503,118815,120127,121439,122751,124064,124244,124424,124604,124784,124964,125144,125324,125504,125684,125865,126045,126225,126405
45910,"La Crosse, WI--MN",80154,81244,82334,83424,84515,85605,86695,87785,88875,89966,91056,92146,93236,94326,95417,96507,97597,98687,99777,100868,100668,100468,100269,100069,99870,99670,99470,99271,99071,98872,98672,98472,98273
53200,"Madison, WI",264617,271830,279043,286256,293469,300681,307894,315107,322320,329533,336745,343958,351171,358384,365597,372809,380022,387235,394448,401661,406525,411389,416254,421118,425983,430847,435711,440576,445440,450305,455169,460033,464898
73153,"Racine, WI",125805,126221,126636,127052,127467,127883,128298,128714,129129,129545,129960,130376,130791,131207,131622,132038,132453,132869,133284,133700,133817,133935,134053,134170,134288,134406,134523,134641,134759,134877,134994,135112,135230
57466,"Milwaukee, WI",1248106,1254862,1261618,1268375,1275131,1281887,1288644,1295400,1302156,1308913,1315669,1322425,1329181,1335938,1342694,1349450,1356207,1362963,1369719,1376476,1369507,1362539,1355571,1348603,1341635,1334667,1327699,1320731,1313763,1306795,1299826,1292858,1285890
00766,"Akron, OH",570859,570787,570716,570644,570573,570501,570429,570358,570286,570215,570143,570071,570000,569928,569857,569785,569713,569642,569570,569499,566737,563975,561213,558451,555689,552927,550165,547403,544641,541879,539117,536355,533593
13375,"Canton, OH",255210,256475,257740,259005,260270,261535,262800,264065,265330,266595,267860,269125,270390,271655,272920,274185,275450,276715,277980,279245,280852,282459,284067,285674,287282,288889,290496,292104,293711,295319,296926,298533,300141
17668,"Cleveland, OH",1792023,1791426,1790828,1790231,1789634,1789036,1788439,1787841,1787244,1786647,1786049,1785452,1784854,1784257,1783660,1783062,1782465,1781867,1781270,1780673,1773823,1766974,1760124,1753275,1746425,1739576,1732726,1725877,1719027,1712178,1705328,1698479,1691629
19234,"Columbus, OH",921835,945319,968803,992287,1015772,1039256,1062740,1086224,1109708,1133193,1156677,1180161,1203645,1227129,1250614,1274098,1297582,1321066,1344550,1368035,1387956,1407878,1427800,1447722,1467644,1487566,1507488,1527410,1547332,1567254,1587175,1607097,1627019
22528,"Dayton, OH",684861,686926,688991,691055,693120,695185,697249,699314,701379,703444,705508,707573,709638,711702,713767,715832,717896,719961,722026,724091,719086,714082,709077,704073,699068,694064,689059,684055,679050,674046,669041,664037,659032
87868,"Toledo, OH--MI",498836,499300,499763,500227,500690,501154,501617,502081,502544,503008,503471,503935,504398,504862,505325,505789,506252,506716,507179,507643,506673,505704,504735,503766,502797,501828,500859,499890,498921,497952,496982,496013,495044
97831,"Youngstown, OH",444335,441346,438357,435369,432380,429391,426403,423414,420425,417437,414448,411459,408470,405482,402493,399504,396516,393527,390538,387550,380885,374220,367555,360890,354225,347560,340895,334230,327565,320901,314236,307571,300906
24850,"Duluth, MN--WI",116363,116574,116785,116997,117208,117419,117631,117842,118053,118265,118476,118687,118898,119110,119321,119532,119744,119955,120166,120378,120281,120184,120087,119991,119894,119797,119701,119604,119507,119411,119314,119217,119120
29089,"Fargo, ND--MN",111697,115117,118537,121957,125377,128797,132217,135637,139057,142477,145896,149316,152736,156156,159576,162996,166416,169836,173256,176676,180629,184583,188537,192491,196445,200398,204352,208306,212260,216214,220167,224121,228075
57628,"Minneapolis--St. Paul, MN",2152525,2178755,2204985,2231214,2257444,2283674,2309903,2336133,2362363,2388593,2414822,2441052,2467282,2493511,2519741,2545971,2572200,2598430,2624660,2650890,2677287,2703685,2730082,2756480,2782878,2809275,2835673,2862070,2888468,2914866,2941263,2967661,2994058
77338,"St. Cloud, MN",73920,75852,77783,79715,81647,83578,85510,87441,89373,91305,93236,95168,97099,99031,100963,102894,104826,106757,108689,110621,111322,112024,112726,113427,114129,114831,115532,116234,116936,117638,118339,119041,119743
05869,"Bay City, MI",77164,76818,76472,76125,75779,75433,75086,74740,74394,74048,73701,73355,73009,72662,72316,71970,71623,71277,70931,70585,70373,70162,69951,69739,69528,69317,69105,68894,68683,68472,68260,68049,67838
23824,"Detroit, MI",4055735,4038806,4021877,4004949,3988020,3971091,3954163,3937234,3920305,3903377,3886448,3869519,3852590,3835662,3818733,3801804,3784876,3767947,3751018,3734090,3738370,3742650,3746930,3751210,3755490,3759770,3764050,3768330,3772610,3776890,3781170,3785450,3789730
29872,"Flint, MI",373086,372198,371310,370422,369535,368647,367759,366871,365983,365096,364208,363320,362432,361544,360657,359769,358881,357993,357105,356218,350492,344767,339041,333316,327591,321865,316140,310414,304689,298964,293238,287513,281787
34300,"Grand Rapids, MI",511310,514396,517481,520567,523652,526738,529823,532909,535994,539080,542165,545251,548336,551422,554507,557593,560678,563764,566849,569935,573508,577081,580654,584227,587800,591373,594946,598519,602092,605666,609239,612812,616385
42157,"Jackson, MI",86243,86444,86645,86845,87046,87247,87447,87648,87849,88050,88250,88451,88652,88852,89053,89254,89454,89655,89856,90057,89482,88907,88332,87757,87182,86607,86032,85457,84882,84307,83732,83157,82582
43723,"Kalamazoo, MI",168393,170567,172741,174915,177090,179264,181438,183612,185786,187961,190135,192309,194483,196657,198832,201006,203180,205354,207528,209703,209188,208674,208160,207646,207132,206618,206104,205590,205076,204562,204047,203533,203019
47719,"Lansing, MI",287882,289232,290582,291932,293282,294632,295982,297332,298682,300032,301382,302732,304082,305432,306782,308132,309482,310832,312182,313532,314008,314485,314962,315439,315916,316392,316869,317346,317823,318300,318776,319253,319730
77149,"Saginaw, MI",154233,152761,151289,149817,148345,146873,145401,143929,142457,140985,139513,138041,136569,135097,133625,132153,130681,129209,127737,126265,125244,124223,123202,122182,121161,120140,119120,118099,117078,116058,115037,114016,112995
02602,"Ann Arbor, MI",263997,266209,268421,270633,272845,275056,277268,279480,281692,283904,286115,288327,290539,292751,294963,297174,299386,301598,303810,306022,307188,308355,309522,310688,311855,313022,314188,315355,316522,317689,318855,320022,321189
28333,"Evansville, IN",196363,198099,199835,201571,203308,205044,206780,208516,210252,211989,213725,215461,217197,218933,220670,222406,224142,225878,227614,229351,227101,224851,222602,220352,218103,215853,213603,211354,209104,206855,204605,202355,200106
31087,"Fort Wayne, IN",264599,267172,269745,272319,274892,277465,280039,282612,285185,287759,290332,292905,295478,298052,300625,303198,305772,308345,310918,313492,315736,317980,320224,322468,324713,326957,329201,331445,333689,335934,338178,340422,342666
16264,"Chicago, IL--IN",8037630,8067660,8097691,8127721,8157752,8187782,8217812,8247843,8277873,8307904,8337934,8367964,8397995,8428025,8458056,8488086,8518116,8548147,8578177,8608208,8614561,8620915,8627269,8633623,8639977,8646330,8652684,8659038,8665392,8671746,8678099,8684453,8690807
08407,"Bloomington--Normal, IL",94248,96267,98285,100304,102322,104341,106359,108378,110396,112415,114433,116452,118470,120489,122507,124526,126544,128563,130581,132600,132750,132900,133050,133200,133350,133500,133650,133800,133950,134100,134250,134400,134550
41212,"Indianapolis, IN",977211,1004067,1030924,1057780,1084637,1111493,1138349,1165206,1192062,1218919,1245775,1272631,1299488,1326344,1353201,1380057,1406913,1433770,1460626,1487483,1508722,1529962,1551202,1572442,1593682,1614921,1636161,1657401,1678641,1699881,1721120,1742360,1763600
46018,"Lafayette, IN",105949,108148,110347,112545,114744,116943,119141,121340,123539,125738,127936,130135,132334,134532,136731,138930,141128,143327,145526,147725,148662,149600,150537,151475,152412,153350,154287,155225,156162,157100,158037,158975,159912
83116,"South Bend, IN--MI",274997,275164,275331,275497,275664,275831,275997,276164,276331,276498,276664,276831,276998,277164,277331,277498,277664,277831,277998,278165,278240,278316,278391,278467,278543,278618,278694,278769,278845,278921,278996,279072,279147
87139,"Terre Haute, IN",67346,68683,70019,71356,72693,74029,75366,76702,78039,79376,80712,82049,83385,84722,86059,87395,88732,90068,91405,92742,91454,90166,88878,87590,86302,85014,83726,82438,81150,79862,78574,77286,75998
60625,"Muncie, IN",90756,90747,90738,90728,90719,90710,90700,90691,90682,90673,90663,90654,90645,90635,90626,90617,90607,90598,90589,90580,89960,89340,88720,88100,87481,86861,86241,85621,85001,84382,83762,83142,82522
68509,"Peoria, IL",229397,231372,233347,235322,237297,239272,241247,243222,245197,247172,249146,251121,253096,255071,257046,259021,260996,262971,264946,266921,266207,265493,264779,264065,263351,262637,261923,261209,260495,259781,259067,258353,257639
22366,"Davenport, IA--IL",262143,263086,264028,264971,265913,266856,267798,268741,269683,270626,271568,272511,273453,274396,275338,276281,277223,278166,279108,280051,280567,281083,281599,282115,282631,283147,283663,284179,284695,285211,285727,286243,286759
75718,"Rockford, IL",246609,249254,251899,254544,257189,259834,262479,265124,267769,270414,273058,275703,278348,280993,283638,286283,288928,291573,294218,296863,294821,292779,290737,288695,286653,284611,282569,280527,278485,276443,274401,272359,270317
83899,"Springfield, IL",146496,147276,148056,148836,149616,150396,151176,151956,152736,153516,154296,155076,155856,156636,157416,158196,158976,159756,160536,161316,161110,160905,160700,160495,160290,160085,159880,159675,159470,159265,159059,158854,158649
15211,"Champaign, IL",104657,106799,108941,111084,113226,115368,117511,119653,121795,123938,126080,128222,130364,132507,134649,136791,138934,141076,143218,145361,145570,145779,145988,146197,146406,146615,146824,147033,147242,147452,147661,147870,148079
22717,"Decatur, IL",98785,98526,98267,98008,97749,97490,97231,96972,96713,96454,96194,95935,95676,95417,95158,94899,94640,94381,94122,93863,93105,92347,91590,90832,90075,89317,88559,87802,87044,86287,85529,84771,84014
75637,"Rochester, MN",76505,78146,79786,81427,83068,84708,86349,87989,89630,91271,92911,94552,96192,97833,99474,101114,102755,104395,106036,107677,109068,110459,111850,113241,114632,116023,117414,118805,120196,121587,122978,124369,125760
26038,"Eau Claire, WI",81079,82225,83371,84517,85663,86809,87955,89101,90247,91393,92538,93684,94830,95976,97122,98268,99414,100560,101706,102852,103114,103376,103638,103901,104163,104425,104688,104950,105212,105475,105737,105999,106261
08380,"Bloomington, IN",77875,79495,81115,82735,84355,85975,87595,89215,90835,92456,94076,95696,97316,98936,100556,102176,103796,105416,107036,108657,108801,108946,109090,109235,109380,109524,109669,109813,109958,110103,110247,110392,110536
45694,"Kokomo, IN",65140,64984,64828,64673,64517,64361,64206,64050,63894,63739,63583,63427,63271,63116,62960,62804,62649,62493,62337,62182,62221,62260,62300,62339,62379,62418,62457,62497,62536,62576,62615,62654,62694
77770,"St. Louis, MO--IL",2011922,2019226,2026531,2033835,2041140,2048444,2055748,2063053,2070357,2077662,2084966,2092270,2099575,2106879,2114184,2121488,2128792,2136097,2143401,2150706,2151267,2151829,2152391,2152952,2153514,2154076,2154637,2155199,2155761,2156323,2156884,2157446,2158008
71155,"Port Huron, MI",85928,85990,86052,86114,86176,86238,86300,86362,86424,86486,86548,86610,86672,86734,86796,86858,86920,86982,87044,87106,86618,86130,85642,85154,84666,84178,83690,83202,82714,82226,81738,81250,80762
26794,"Elkhart, IN--MI",120096,121333,122569,123806,125043,126279,127516,128752,129989,131226,132462,133699,134935,136172,137409,138645,139882,141118,142355,143592,144052,144513,144974,145434,145895,146356,146816,147277,147738,148199,148659,149120,149581
43885,"Kankakee, IL",49905,51590,53275,54961,56646,58331,60017,61702,63387,65073,66758,68443,70128,71814,73499,75184,76870,78555,80240,81926,80386,78846,77307,75767,74228,72688,71148,69609,68069,66530,64990,63450,61911
61705,"Newark, OH",64540,65147,65754,66360,66967,67574,68180,68787,69394,70001,70607,71214,71821,72427,73034,73641,74247,74854,75461,76068,76583,77099,77614,78130,78645,79161,79676,80192,80707,81223,81738,82254,82769
22960,"DeKalb, IL",44339,45613,46887,48161,49435,50709,51983,53257,54531,55805,57079,58353,59627,60901,62175,63449,64723,65997,67271,68545,68164,67783,67402,67021,66640,66259,65878,65497,65116,64736,64355,63974,63593
39430,"Holland, MI",84463,85278,86092,86907,87722,88536,89351,90165,90980,91795,92609,93424,94238,95053,95868,96682,97497,98311,99126,99941,100650,101359,102068,102778,103487,104196,104906,105615,106324,107034,107743,108452,109161
58357,"Monroe, MI",54874,54683,54492,54300,54109,53918,53726,53535,53344,53153,52961,52770,52579,52387,52196,52005,51813,51622,51431,51240,51842,52444,53046,53648,54250,54852,55454,56056,56658,57260,57862,58464,59066
27253,"El Paso, TX--NM",559344,572173,585001,597830,610658,623487,636315,649144,661972,674801,687629,700458,713286,726115,738943,751772,764600,777429,790257,803086,808235,813385,818535,823685,828835,833984,839134,844284,849434,854584,859733,864883,870033
22042,"Dallas--Fort Worth--Arlington, TX",3267049,3364672,3462295,3559919,3657542,3755165,3852789,3950412,4048035,4145659,4243282,4340905,4438528,4536152,4633775,4731398,4829022,4926645,5024268,5121892,5182938,5243984,5305030,5366076,5427123,5488169,5549215,5610261,5671307,5732354,5793400,5854446,5915492
40429,"Houston, TX",2812868,2925050,3037232,3149415,3261597,3373779,3485962,3598144,3710326,3822509,3934691,4046873,4159055,4271238,4383420,4495602,4607785,4719967,4832149,4944332,5035256,5126180,5217104,5308029,5398953,5489877,5580802,5671726,5762650,5853575,5944499,6035423,6126347
47854,"Laredo, TX",121456,127470,133485,139499,145514,151528,157542,163557,169571,175586,181600,187614,193629,199643,205658,211672,217686,223701,229715,235730,237303,238876,240449,242022,243596,245169,246742,248315,249888,251462,253035,254608,256181
51877,"Lubbock, TX",170607,174120,177633,181146,184659,188172,191685,195198,198711,202225,205738,209251,212764,216277,219790,223303,226816,230329,233842,237356,240848,244340,247833,251325,254818,258310,261802,265295,268787,272280,275772,279264,282757
78580,"San Antonio, TX",939963,983029,1026094,1069160,1112226,1155291,1198357,1241422,1284488,1327554,1370619,1413685,1456750,1499816,1542882,1585947,1629013,1672078,1715144,1758210,1781657,1805105,1828553,1852001,1875449,1898897,1922345,1945793,1969241,1992689,2016136,2039584,2063032
91027,"Waco, TX",135936,137854,139772,141690,143608,145526,147444,149362,151280,153198,155116,157034,158952,160870,162788,164706,166624,168542,170460,172378,174424,176471,178517,180564,182611,184657,186704,188750,190797,192844,194890,196937,198983
10972,"Brownsville, TX",119147,124328,129509,134690,139871,145052,150233,155414,160595,165776,170956,176137,181318,186499,191680,196861,202042,207223,212404,217585,217470,217356,217242,217128,217014,216900,216786,216672,216558,216444,216329,216215,216101
32491,"Galveston--Texas City, TX",64443,63368,62293,61218,60144,59069,57994,56919,55844,54770,53695,52620,51545,50470,49396,48321,47246,46171,45096,44022,58806,73590,88374,103158,117942,132726,147510,162294,177078,191863,206647,221431,236215
06058,"Beaumont, TX",131547,132409,133271,134133,134995,135856,136718,137580,138442,139304,140165,141027,141889,142751,143613,144474,145336,146198,147060,147922,147794,147667,147540,147412,147285,147158,147030,146903,146776,146649,146521,146394,146267
65080,"Oklahoma City, OK",643951,655401,666851,678301,689752,701202,712652,724102,735552,747003,758453,769903,781353,792803,804254,815704,827154,838604,850054,861505,873582,885659,897736,909813,921890,933967,946044,958121,970198,982276,994353,1006430,1018507
88948,"Tulsa, OK",470894,480609,490324,500039,509754,519469,529184,538899,548614,558329,568044,577759,587474,597189,606904,616619,626334,636049,645764,655479,662212,668945,675678,682411,689144,695877,702610,709343,716076,722810,729543,736276,743009
01171,"Albuquerque, NM",469376,483689,498002,512314,526627,540940,555252,569565,583878,598191,612503,626816,641129,655441,669754,684067,698379,712692,727005,741318,744169,747021,749873,752725,755577,758429,761281,764133,766985,769837,772688,775540,778392
05680,"Baton Rouge, LA",375258,386787,398316,409845,421374,432903,444432,455961,467490,479019,490548,502077,513606,525135,536664,548193,559722,571251,582780,594309,598010,601712,605414,609115,612817,616519,620220,623922,627624,631326,635027,638729,642431
81739,"Shreveport, LA",254419,256729,259040,261350,263661,265971,268281,270592,272902,275213,277523,279833,282144,284454,286765,289075,291385,293696,296006,298317,297290,296264,295237,294211,293184,292158,291131,290105,289078,288052,287025,285999,284972
62677,"New Orleans, LA",1107905,1096947,1085989,1075031,1064073,1053115,1042157,1031199,1020241,1009283,998325,987367,976409,965451,954493,943535,932577,921619,910661,899703,906053,912404,918755,925106,931457,937808,944159,950510,956861,963212,969562,975913,982264
50392,"Little Rock, AR",296379,303485,310591,317696,324802,331908,339013,346119,353225,360331,367436,374542,381648,388753,395859,402965,410070,417176,424282,431388,434435,437483,440530,443578,446626,449673,452721,455768,458816,461864,464911,467959,471006
46045,"Lafayette, LA",110902,118366,125830,133294,140758,148222,155686,163150,170614,178079,185543,193007,200471,207935,215399,222863,230327,237791,245255,252720,250179,247639,245098,242558,240018,237477,234937,232396,229856,227316,224775,222235,219694
04384,"Austin, TX",487473,533523,579572,625622,671672,717721,763771,809820,855870,901920,947969,994019,1040068,1086118,1132168,1178217,1224267,1270316,1316366,1362416,1407163,1451910,1496657,1541404,1586152,1630899,1675646,1720393,1765140,1809888,1854635,1899382,1944129
20287,"Corpus Christi, TX",270395,273009,275624,278238,280853,283467,286081,288696,291310,293925,296539,299153,301768,304382,306997,309611,312225,314840,317454,320069,321968,323868,325768,327667,329567,331467,333366,335266,337166,339066,340965,342865,344765
18748,"College Station--Bryan, TX",97539,101424,105308,109193,113077,116962,120846,124731,128615,132500,136384,140269,144153,148038,151922,155807,159691,163576,167460,171345,174824,178303,181782,185261,188741,192220,195699,199178,202657,206137,209616,213095,216574
79363,"Santa Fe, NM",72284,73179,74074,74968,75863,76758,77652,78547,79442,80337,81231,82126,83021,83915,84810,85705,86599,87494,88389,89284,89779,90275,90771,91266,91762,92258,92753,93249,93745,94241,94736,95232,95728
52390,"McAllen, TX",338031,358599,379167,399735,420303,440871,461439,482007,502575,523144,543712,564280,584848,605416,625984,646552,667120,687688,708256,728825,733897,738970,744043,749116,754189,759261,764334,769407,774480,779553,784625,789698,794771
44992,"Killeen, TX",123287,128252,133218,138183,143149,148114,153079,158045,163010,167976,172941,177906,182872,187837,192803,197768,202733,207699,212664,217630,221589,225548,229507,233466,237426,241385,245344,249303,253262,257222,261181,265140,269099
90514,"Victoria, TX",59590,59805,60021,60236,60452,60667,60882,61098,61313,61529,61744,61959,62175,62390,62606,62821,63036,63252,63467,63683,63913,64143,64373,64604,64834,65064,65295,65525,65755,65986,66216,66446,66676
23500,"Denton--Lewisville, TX",240107,246742,253377,260012,266647,273282,279917,286552,293187,299823,306458,313093,319728,326363,332998,339633,346268,352903,359538,366174,372502,378831,385160,391488,397817,404146,410474,416803,423132,429461,435789,442118,448447
78553,"San Angelo, TX",83455,83957,84458,84960,85461,85963,86464,86966,87467,87969,88470,88972,89473,89975,90476,90978,91479,91981,92482,92984,93683,94383,95083,95783,96483,97182,97882,98582,99282,99982,100681,101381,102081
81631,"Sherman--Denison, TX",51009,51582,52155,52728,53302,53875,54448,55021,55594,56168,56741,57314,57887,58460,59034,59607,60180,60753,61326,61900,62379,62858,63337,63816,64295,64774,65253,65732,66211,66691,67170,67649,68128
47935,"Las Cruces, NM",82213,84654,87096,89537,91979,94420,96861,99303,101744,104186,106627,109068,111510,113951,116393,118834,121275,123717,126158,128600,129673,130747,131821,132895,133969,135042,136116,137190,138264,139338,140411,141485,142559
49933,"Lincoln, NE",197658,200872,204086,207299,210513,213727,216940,220154,223368,226582,229795,233009,236223,239436,242650,245864,249077,252291,255505,258719,261968,265218,268468,271718,274968,278217,281467,284717,287967,291217,294466,297716,300966
65269,"Omaha, NE--IA",538076,547915,557753,567592,577430,587269,597107,606946,616784,626623,636461,646300,656138,665977,675815,685654,695492,705331,715169,725008,734458,743908,753358,762808,772258,781708,791158,800608,810058,819508,828958,838408,847858
83953,"Springfield, MO",162156,168028,173900,179772,185644,191516,197388,203260,209132,215004,220876,226748,232620,238492,244364,250236,256108,261980,267852,273724,274616,275509,276402,277294,278187,279080,279972,280865,281758,282651,283543,284436,285329
43912,"Kansas City, MO--KS",1219838,1235605,1251372,1267140,1282907,1298674,1314442,1330209,1345976,1361744,1377511,1393278,1409045,1424813,1440580,1456347,1472115,1487882,1503649,1519417,1534897,1550377,1565857,1581337,1596817,1612297,1627777,1643257,1658737,1674218,1689698,1705178,1720658
14752,"Cedar Rapids, IA",135075,137326,139577,141828,144079,146330,148581,150832,153083,155334,157585,159836,162087,164338,166589,168840,171091,173342,175593,177844,179344,180844,182344,183844,185344,186844,188344,189844,191344,192844,194344,195844,197344
23743,"Des Moines, IA",298896,306853,314809,322766,330722,338679,346635,354592,362548,370505,378461,386418,394374,402331,410287,418244,426200,434157,442113,450070,459311,468553,477794,487036,496278,505519,514761,524002,533244,542486,551727,560969,570210
82225,"Sioux City, IA--NE--SD",105781,105819,105856,105894,105931,105969,106006,106044,106081,106119,106156,106194,106231,106269,106306,106344,106381,106419,106456,106494,107151,107808,108465,109122,109780,110437,111094,111751,112408,113066,113723,114380,115037
88084,"Topeka, KS",135578,136337,137096,137855,138615,139374,140133,140892,141651,142411,143170,143929,144688,145447,146207,146966,147725,148484,149243,150003,149898,149793,149688,149584,149479,149374,149270,149165,149060,148956,148851,148746,148641
95077,"Wichita, KS",376788,381845,386902,391959,397016,402073,407130,412187,417244,422301,427357,432414,437471,442528,447585,452642,457699,462756,467813,472870,475606,478342,481078,483814,486550,489286,492022,494758,497494,500231,502967,505703,508439
18937,"Columbia, MO",75406,78003,80600,83197,85794,88391,90988,93585,96182,98779,101375,103972,106569,109166,111763,114360,116957,119554,122151,124748,126456,128164,129872,131581,133289,134997,136706,138414,140122,141831,143539,145247,146955
41590,"Iowa City, IA",66010,68147,70285,72422,74560,76697,78834,80972,83109,85247,87384,89521,91659,93796,95934,98071,100208,102346,104483,106621,108639,110658,112677,114696,116715,118734,120753,122772,124791,126810,128828,130847,132866
02062,"Ames, IA",41985,42956,43927,44898,45870,46841,47812,48783,49754,50726,51697,52668,53639,54610,55582,56553,57524,58495,59466,60438,61028,61618,62209,62799,63390,63980,64570,65161,65751,66342,66932,67522,68113
48232,"Lawrence, KS",72081,72922,73762,74603,75444,76284,77125,77965,78806,79647,80487,81328,82168,83009,83850,84690,85531,86371,87212,88053,88747,89442,90136,90831,91525,92220,92914,93609,94303,94998,95692,96387,97081
78499,"Salt Lake City, UT",767416,780775,794134,807494,820853,834212,847572,860931,874290,887650,901009,914368,927727,941087,954446,967805,981165,994524,1007883,1021243,1036972,1052701,1068430,1084159,1099888,1115617,1131346,1147075,1162804,1178533,1194262,1209991,1225720
82252,"Sioux Falls, SD",95011,98262,101513,104764,108015,111265,114516,117767,121018,124269,127519,130770,134021,137272,140523,143773,147024,150275,153526,156777,160527,164278,168028,171779,175530,179280,183031,186781,190532,194283,198033,201784,205534
07705,"Billings, MT",87306,88752,90197,91643,93089,94534,95980,97425,98871,100317,101762,103208,104653,106099,107545,108990,110436,111881,113327,114773,116174,117575,118977,120378,121780,123181,124582,125984,127385,128787,130188,131589,132991
18856,"Colorado Springs, CO",382163,391492,400821,410149,419478,428807,438135,447464,456793,466122,475450,484779,494108,503436,512765,522094,531422,540751,550080,559409,566717,574026,581334,588643,595951,603260,610568,617877,625185,632494,639802,647111,654419
23527,"Denver--Aurora, CO",1634502,1673434,1712365,1751297,1790229,1829160,1868092,1907023,1945955,1984887,2023818,2062750,2101681,2140613,2179545,2218476,2257408,2296339,2335271,2374203,2405397,2436591,2467786,2498980,2530175,2561369,2592563,2623758,2654952,2686147,2717341,2748535,2779730
72613,"Pueblo, CO",111471,112791,114111,115431,116751,118071,119391,120711,122031,123351,124670,125990,127310,128630,129950,131270,132590,133910,135230,136550,134959,133368,131777,130186,128596,127005,125414,123823,122232,120642,119051,117460,115869
34219,"Grand Forks, ND--MN",52345,52815,53285,53754,54224,54694,55163,55633,56103,56573,57042,57512,57982,58451,58921,59391,59860,60330,60800,61270,61959,62648,63337,64026,64715,65404,66093,66782,67471,68160,68849,69538,70227
57736,"Missoula, MT",58091,59358,60624,61891,63158,64424,65691,66957,68224,69491,70757,72024,73290,74557,75824,77090,78357,79623,80890,82157,82752,83347,83942,84537,85133,85728,86323,86918,87513,88109,88704,89299,89894
30628,"Fort Collins, CO",154584,160367,166150,171933,177717,183500,189283,195066,200849,206633,212416,218199,223982,229765,235549,241332,247115,252898,258681,264465,270651,276838,283025,289211,295398,301585,307771,313958,320145,326332,332518,338705,344892
34759,"Great Falls, MT",63649,63731,63813,63895,63977,64059,64141,64223,64305,64387,64469,64551,64633,64715,64797,64879,64961,65043,65125,65207,65396,65585,65774,65963,66152,66341,66530,66719,66908,67097,67286,67475,67664
50959,"Logan, UT",59270,61150,63029,64909,66789,68668,70548,72427,74307,76187,78066,79946,81825,83705,85585,87464,89344,91223,93103,94983,96877,98771,100666,102560,104455,106349,108243,110138,112032,113927,115821,117715,119610
09298,"Boulder, CO",110236,110465,110694,110923,111153,111382,111611,111840,112069,112299,112528,112757,112986,113215,113445,113674,113903,114132,114361,114591,115214,115838,116462,117085,117709,118333,118956,119580,120204,120828,121451,122075,122699
74179,"Reno, NV--CA",224082,232927,241772,250617,259463,268308,277153,285998,294843,303689,312534,321379,330224,339069,347915,356760,365605,374450,383295,392141,397579,403018,408457,413896,419335,424773,430212,435651,441090,446529,451967,457406,462845
78904,"San Francisco--Oakland, CA",2738870,2767414,2795958,2824503,2853047,2881591,2910136,2938680,2967224,2995769,3024313,3052857,3081401,3109946,3138490,3167034,3195579,3224123,3252667,3281212,3304684,3328156,3351628,3375100,3398572,3422044,3445516,3468988,3492460,3515933,3539405,3562877,3586349
04681,"Bakersfield, CA",281042,293829,306616,319403,332190,344977,357764,370551,383338,396125,408911,421698,434485,447272,460059,472846,485633,498420,511207,523994,528618,533242,537866,542490,547114,551738,556362,560986,565610,570235,574859,579483,584107
79336,"Santa Cruz, CA",151628,152264,152899,153535,154170,154806,155441,156077,156712,157348,157983,158619,159254,159890,160525,161161,161796,162432,163067,163703,164236,164770,165303,165837,166370,166904,167437,167971,168504,169038,169571,170105,170638
51445,"Los Angeles--Long Beach--Anaheim, CA",11464128,11500279,11536430,11572581,11608732,11644883,11681034,11717185,11753336,11789487,11825637,11861788,11897939,11934090,11970241,12006392,12042543,12078694,12114845,12150996,12159634,12168272,12176910,12185548,12194186,12202824,12211462,12220100,12228738,12237376,12246014,12254652,12263290
85087,"Stockton, CA",261920,267639,273358,279077,284796,290515,296234,301953,307672,313392,319111,324830,330549,336268,341987,347706,353425,359144,364863,370583,375009,379435,383862,388288,392715,397141,401567,405994,410420,414847,419273,423699,428126
79039,"San Jose, CA",1424746,1437364,1449983,1462601,1475220,1487838,1500456,1513075,1525693,1538312,1550930,1563548,1576167,1588785,1601404,1614022,1626640,1639259,1651877,1664496,1681791,1699086,1716381,1733676,1750971,1768266,1785561,1802856,1820151,1837446,1854741,1872036,1889331
79498,"Santa Rosa, CA",264867,267149,269431,271714,273996,276278,278561,280843,283125,285408,287690,289972,292254,294537,296819,299101,301384,303666,305948,308231,307140,306050,304960,303870,302780,301689,300599,299509,298419,297329,296238,295148,294058
77068,"Sacramento, CA",1096375,1129389,1162402,1195416,1228430,1261443,1294457,1327470,1360484,1393498,1426511,1459525,1492538,1525552,1558566,1591579,1624593,1657606,1690620,1723634,1745932,1768230,1790529,1812827,1835126,1857424,1879722,1902021,1924319,1946618,1968916,1991214,2013513
79282,"Santa Barbara, CA",196624,196584,196544,196504,196464,196423,196383,196343,196303,196263,196222,196182,196142,196102,196062,196021,195981,195941,195901,195861,196494,197128,197761,198395,199029,199662,200296,200929,201563,202197,202830,203464,204097
78661,"San Diego, CA",2420357,2448588,2476819,2505050,2533281,2561512,2589743,2617974,2646205,2674436,2702667,2730898,2759129,2787360,2815591,2843822,2872053,2900284,2928515,2956746,2968101,2979456,2990812,3002167,3013523,3024878,3036233,3047589,3058944,3070300,3081655,3093010,3104366
31843,"Fresno, CA",465188,475159,485129,495100,505070,515041,525011,534982,544952,554923,564893,574864,584834,594805,604775,614746,624716,634687,644657,654628,660924,667220,673516,679812,686108,692404,698700,704996,711292,717589,723885,730181,736477
75340,"Riverside--San Bernardino, CA",1123551,1166136,1208721,1251306,1293891,1336476,1379061,1421646,1464231,1506816,1549401,1591986,1634571,1677156,1719741,1762326,1804911,1847496,1890081,1932666,1967069,2001473,2035877,2070280,2104684,2139088,2173491,2207895,2242299,2276703,2311106,2345510,2379914
69184,"Phoenix--Mesa--Scottsdale, AZ",2257190,2329397,2401603,2473810,2546016,2618223,2690429,2762636,2834842,2907049,2979255,3051462,3123668,3195875,3268081,3340288,3412494,3484701,3556907,3629114,3663833,3698553,3733273,3767993,3802713,3837433,3872153,3906873,3941593,3976313,4011032,4045752,4080472
88732,"Tucson, AZ",609956,622230,634504,646779,659053,671327,683602,695876,708150,720425,732699,744973,757247,769522,781796,794070,806345,818619,830893,843168,846395,849622,852849,856077,859304,862531,865759,868986,872213,875441,878668,881895,885122
66673,"Oxnard--San Buenaventura (Ventura), CA",310888,313855,316822,319789,322756,325723,328690,331657,334624,337591,340557,343524,346491,349458,352425,355392,358359,361326,364293,367260,368145,369031,369917,370802,371688,372574,373459,374345,375231,376117,377002,377888,378774
80362,"Seaside--Monterey--Pacific Grove, CA",135642,134515,133389,132262,131136,130009,128882,127756,126629,125503,124376,123249,122123,120996,119870,118743,117616,116490,115363,114237,115162,116088,117014,117940,118866,119791,120717,121643,122569,123495,124420,125346,126272
19504,"Concord--Walnut Creek, CA",495614,501948,508283,514617,520952,527286,533620,539955,546289,552624,558958,565292,571627,577961,584296,590630,596964,603299,609633,615968,608229,600491,592752,585014,577275,569537,561798,554060,546321,538583,530844,523106,515367
41347,"Indio--Palm Desert--Palm Springs, CA",173204,182276,191349,200421,209494,218566,227638,236711,245783,254856,263928,273000,282073,291145,300218,309290,318362,327435,336507,345580,347129,348679,350228,351778,353327,354877,356426,357976,359525,361075,362624,364174,365723
79417,"Santa Maria, CA",111162,112177,113192,114207,115222,116237,117252,118267,119282,120297,121312,122327,123342,124357,125372,126387,127402,128417,129432,130447,131763,133079,134395,135711,137028,138344,139660,140976,142292,143609,144925,146241,147557
61057,"Napa, CA",76225,76630,77034,77439,77844,78248,78653,79057,79462,79867,80271,80676,81080,81485,81890,82294,82699,83103,83508,83913,83983,84054,84124,84195,84266,84336,84407,84477,84548,84619,84689,84760,84830
90946,"Visalia, CA",30575,40516,50457,60398,70339,80280,90221,100162,110103,120044,129985,139926,149867,159808,169749,179690,189631,199572,209513,219454,213566,207678,201791,195903,190016,184128,178240,172353,166465,160578,154690,148802,142915
28657,"Fairfield, CA",93332,95456,97580,99703,101827,103951,106074,108198,110322,112446,114569,116693,118817,120940,123064,125188,127311,129435,131559,133683,135326,136970,138614,140258,141902,143546,145190,146834,148478,150122,151765,153409,155053
22420,"Davis, CA",59927,60604,61281,61958,62636,63313,63990,64667,65344,66022,66699,67376,68053,68730,69408,70085,70762,71439,72116,72794,73218,73642,74066,74490,74914,75338,75762,76186,76610,77034,77458,77882,78306
90541,"Victorville--Hesperia--Apple Valley, CA",85219,98021,110823,123625,136427,149228,162030,174832,187634,200436,213237,226039,238841,251643,264445,277246,290048,302850,315652,328454,331190,333926,336662,339398,342135,344871,347607,350343,353079,355816,358552,361288,364024
79147,"San Luis Obispo, CA",48349,48921,49493,50065,50637,51209,51781,52353,52925,53498,54070,54642,55214,55786,56358,56930,57502,58074,58646,59219,58987,58756,58524,58293,58061,57830,57598,57367,57135,56904,56672,56441,56209
02683,"Antioch, CA",163552,169556,175560,181565,187569,193573,199578,205582,211586,217591,223595,229599,235603,241608,247612,253616,259621,265625,271629,277634,282491,287348,292205,297062,301919,306776,311633,316490,321347,326205,331062,335919,340776
79309,"Santa Clarita, CA",91126,99943,108760,117577,126395,135212,144029,152846,161663,170481,179298,188115,196932,205749,214567,223384,232201,241018,249835,258653,260590,262528,264466,266404,268342,270279,272217,274155,276093,278031,279968,281906,283844
56251,"Merced, CA",86645,89294,91942,94591,97240,99888,102537,105185,107834,110483,113131,115780,118428,121077,123726,126374,129023,131671,134320,136969,138277,139585,140893,142202,143510,144818,146127,147435,148743,150052,151360,152668,153976
89083,"Turlock, CA",42149,45189,48229,51268,54308,57348,60387,63427,66467,69507,72546,75586,78626,81665,84705,87745,90784,93824,96864,99904,97833,95763,93693,91623,89553,87483,85413,83343,81273,79203,77132,75062,72992
16318,"Chico, CA",81161,82057,82952,83848,84743,85639,86534,87430,88325,89221,90116,91012,91907,92803,93698,94594,95489,96385,97280,98176,99499,100823,102146,103470,104793,106117,107440,108764,110087,111411,112734,114058,115381
68887,"Petaluma, CA",56250,56662,57074,57486,57898,58310,58722,59134,59546,59958,60370,60782,61194,61606,62018,62430,62842,63254,63666,64078,64192,64307,64422,64537,64652,64767,64882,64997,65112,65227,65341,65456,65571
29818,"Flagstaff, AZ",43633,45124,46615,48105,49596,51087,52577,54068,55559,57050,58540,60031,61522,63012,64503,65994,67484,68975,70466,71957,72745,73534,74322,75111,75899,76688,77476,78265,79053,79842,80630,81419,82207
90028,"Vallejo, CA",153470,154081,154692,155302,155913,156524,157134,157745,158356,158967,159577,160188,160799,161409,162020,162631,163241,163852,164463,165074,166079,167085,168091,169097,170103,171108,172114,173120,174126,175132,176137,177143,178149
98020,"Yuma, AZ--CA",58664,62696,66728,70759,74791,78823,82854,86886,90918,94950,98981,103013,107045,111076,115108,119140,123171,127203,131235,135267,135312,135357,135402,135447,135492,135537,135582,135627,135672,135717,135762,135807,135852
58006,"Modesto, CA",268440,273163,277886,282608,287331,292054,296776,301499,306222,310945,315667,320390,325113,329835,334558,339281,344003,348726,353449,358172,358084,357997,357910,357823,357736,357649,357562,357475,357388,357301,357213,357126,357039
