UACE Code,1991,1992,1993,1994,1995,1996,1997,1998,1999,2000,2001,2002,2003,2004,2005,2006,2007,2008,2009,2010,2011,2012,2013,2014,2015,2016,2017,2018
00766,46.263745463762696,50.02144885442858,51.38737084091231,54.91660178735749,56.93749090826239,61.07514186337398,59.1155384111212,61.35888829910337,65.05118484409577,71.07184367875904,72.47048296905965,73.91444724804956,76.53053606237816,77.87601288280321,78.20438193035133,76.58785353524974,78.98118877399673,79.58909572444915,85.57217976468463,88.15762871462258,94.15268721515072,92.66786057301596,92.0200011031834,94.14227060438664,101.9147304043375,105.91589194048893,109.93415611680133,113.43131633758466
00901,15.075700326921346,18.8484937624517,18.71880575213225,19.330230372572505,22.667173916845957,21.92667237433695,28.922412480004954,30.262118122536275,29.160889730180315,28.738418958116696,28.138198074730617,25.19381398583618,26.3952265993125,27.13649976233544,25.788133316746173,28.923746905320233,30.75177675585284,30.492536466907765,27.443095969196275,30.198856524601087,30.531096151134324,32.96873871153038,32.858945692744015,31.41776015690676,34.6314563432151,34.586806271420215,38.606623643214675,47.37865483875386
01171,50.414066399195264,50.63508689561793,50.89712174058063,53.39673486882304,53.39850596342382,52.86903429185504,55.81921390419153,52.37899756831968,51.97796062243772,52.217445548577714,58.794678789911465,56.134520679570585,52.688874279244544,51.344048655171996,56.67778962990811,66.02808522734642,69.76214383594008,71.50290227555722,97.79326696187653,98.3335447732094,104.45023124845437,100.570909132556,109.12929094821229,114.7728528996974,119.401493931982,119.55429957496408,115.89064599668191,118.09056266169286
01495,33.1593421622748,32.04779056866686,32.44245841959325,32.30163662375651,33.06594575096847,32.2027732308603,31.807176057314713,34.84105233651718,38.27279480235964,37.994941186974316,37.82548508235074,41.04123661261372,43.779863599168436,46.506580963222646,46.6025571051389,44.28064328954105,46.230771430541324,47.932145569285794,50.63076944189465,49.75933514049497,51.80046736197953,53.26391228186946,53.219835218282505,56.49050450268848,55.80418246713838,62.3119862243399,56.95316074339164,58.902937051398396
01792,41.327805923057575,41.375844696253246,45.11318018523477,44.2387576461787,42.166736264391815,43.035003912169635,35.62671419977205,39.62547643849803,45.62323963621394,53.72437979757055,50.96805116814599,48.096910528314645,53.24288726047898,54.01479912488209,58.21106089323031,58.149271596109884,60.73711078345124,57.16918293271962,54.0764259912148,53.93208883354331,57.61473437559052,59.66098206948656,58.31543198108516,62.70288560715725,65.68262669984789,62.3999540187629,63.14876703865821,69.50644648930196
02305,100.99255848624898,95.89973189114141,89.90890094294005,86.18955227011001,84.75550171992327,85.19759839077396,83.3286025932316,89.51283657158137,88.64287087949013,85.3670198867453,102.47270581477062,110.60097122286575,114.56415668945607,124.91566618643921,135.01102426706996,132.66894393599713,146.0297504443888,148.16900860765605,139.63125888813383,135.66232876186112,145.36409730787062,285.4338375865301,287.8355556948786,295.32158070861794,313.7527864405451,328.9017444820807,317.8748505764148,332.1635841198086
02602,34.303370085466234,84.39499518321047,83.64913404884982,86.89373457400065,82.20037628201604,86.17436830747313,94.5711684368868,83.05359506941463,89.00923976978675,111.48072020140503,114.0876121239961,119.80047951507441,120.4127070720282,116.1580171397388,116.6185874874226,116.4583626708744,120.0655884042674,116.94037932549129,116.43219211255153,117.33814395165084,120.02314580954507,128.05577986411765,132.06523834589044,138.39796547267414,146.90583213214438,151.9436265576874,155.9898982986832,157.5954795356966
02764,32.26778460721328,33.62265885909659,35.74611210446102,34.23677082912237,38.34122239070148,37.964757827228624,37.11317935867313,38.19522956183924,37.766423691816605,39.75770990796565,39.50410509031199,39.055257716422176,38.47283943067333,40.28748672719919,38.73916900086069,38.67724254447905,40.77485887135618,43.250885422994955,40.80792940881265,41.25323224548562,40.62566529586999,38.47683418828383,36.17326747741032,37.723038304638955,36.166211663848145,35.147888417874114,35.49669441219361,36.60262494499738
03358,21.616910063218004,19.774650473016,19.061501101754192,18.561233237123318,15.642448354692732,15.42302781016543,14.99346923735923,14.032539307951218,14.742463812675531,15.440159405167597,16.231970704730585,17.05263222327301,17.472472148277543,18.509734484791682,18.137940097726485,18.86072797319814,20.05607133620362,20.41607415642129,22.03076848414258,30.091116373204077,30.789332535325734,33.31574792992821,33.43028442856215,32.922831750035286,33.01484020709286,32.69311095559755,30.86000488442157,31.036100410313384
03763,18.884732494666743,27.76174403057918,27.584419123967074,30.080928091979697,29.795376838042497,31.348970665594976,31.156694341063076,31.48673267860468,30.025544122269423,29.71132112021175,30.817595599260407,32.74078233009509,35.115521661477494,32.70211714444317,28.569886367195856,31.422200933589846,36.42440526902156,38.14758882096512,105.3119328758328,96.15335500075682,84.00923502334577,82.16542806622188,93.36293989050372,93.09605919657069,96.12907812084987,94.82132592102104,93.65059255925594,91.4759147720918
03817,104.08874812170308,118.10409586424552,114.67729309993926,118.96978092310928,118.79229179548024,121.58801335517369,131.168845846487,125.37530202331162,131.84239339398326,134.2141790021275,136.46353543995764,119.11294859684457,120.28694350046322,111.08831957061545,109.35968361185236,102.23116665478067,119.46066016821251,110.7161530183579,114.6048911653107,112.7797460522567,111.58954869492857,106.41732851476401,101.38374701673361,101.50468367775834,97.15677222831359,102.22451502297216,100.26932836978631,104.18070566521305
04222,17.874489743528933,17.157955717663086,18.24804824415117,16.612698127300167,14.079624534888346,13.280635449735808,11.65175569981335,12.351143830017394,11.1652945226107,11.189404999553078,12.630391809543374,12.408126799081547,12.903722244540875,11.624983188371301,11.33127552108772,12.266733094684527,11.4179885526291,12.068122597660116,11.886243712017741,10.718539817690656,12.074391602734627,11.910024497932769,11.282994780498491,10.723241201143056,11.185328723848219,11.501899194487207,11.663057838522231,11.476934806809473
04681,46.71655200129222,48.54332405459081,50.658810219903614,45.64657102199394,39.753057988901936,41.967492534665055,42.20820926023238,41.991752653480894,40.322442897350676,43.4347894481521,50.233634493290026,48.098910323772664,50.58320003375643,49.30967092761258,49.72442607761637,49.33446900071889,49.98476730370464,49.38055923384562,48.95707376762018,50.30293263610066,52.37259524216756,49.61895141209599,51.334375819656536,48.9323008183888,46.33609413477193,50.174913424449144,52.590362330041714,54.65591305454383
04843,128.04081690556035,158.72214481633748,183.36062724628093,188.41388703598568,192.56992227849273,204.73847973832395,193.84539874231314,197.52987130112166,204.06129936002395,205.37629543773048,212.17028748348218,221.02821473005812,236.61374198842998,231.35908081145584,246.80911239584154,251.96523174089293,267.4107382000212,289.14740224354216,299.00596662798773,301.1704565809133,296.8046680900874,301.0992913054094,296.50753049912225,326.21130279772046,317.45652134210263,315.6144940999729,334.4415579517468,353.4912125016459
05680,22.29713252879503,20.7140928164127,18.737120117801208,18.69340007008537,19.522383915476514,18.333982590958644,20.089148210435607,20.527098260596848,28.60902331107041,36.49762996656755,35.10091629303205,31.809568765633276,30.199491979801202,28.343391236075973,31.237672380719253,54.044793011202025,29.835279835346835,29.740723179728104,28.174439754281202,25.7421429076496,25.219971910668466,25.809168949043176,29.79857902704087,39.48555894463137,45.01392046716186,47.433779973925674,45.31525943751142,46.493586423577675
05869,41.24733598520377,85.02185803990069,86.88755246731748,86.72084253439783,85.58186744788574,82.34116346435323,82.70727872251457,90.79565410088306,95.64640241872276,101.53089484513474,107.31664815557842,110.67517064763334,121.13173642214582,122.32725830892686,125.32976614333,120.39580486243386,117.01434944082207,122.37908842563921,117.02625489157471,120.88430409649588,134.3921739839159,126.78420417509955,122.4805244361791,127.31878785523965,119.49308269709239,123.02589797903495,124.90536743602732,124.5910902462997
06058,25.191670499861516,25.028414025687624,26.745990592707354,27.20961207571384,28.19534056816919,28.47963658724474,27.35776132402765,27.515093491059748,29.823263949468426,30.448279763532305,33.377193205966435,32.77618571519739,34.281149740681485,34.385625546808306,36.2110507515263,35.93588649738212,37.04941480431552,38.47308509855193,36.76563825584633,35.134678144326855,34.64057380893163,36.36903001723849,35.3511210221255,38.60620763282428,38.070247099745536,37.6686094812552,39.44466407082456,36.42441694484782
06652,164.56179559533973,173.30594161668506,173.9323038293784,193.36235270352867,197.42251392318545,217.3482068481143,202.80162030052435,200.32407895241016,197.35718536220324,187.22733989084037,175.91315185993335,178.57509672380237,181.47460407562903,181.6452576166426,196.72761603802257,194.8944130040848,218.96713871077893,233.26607175241944,231.79234074077868,214.55807899455928,206.43232165306716,208.87571163782252,212.648922813536,212.54500550932784,219.98664725412738,225.684930678676,238.8393131771874,241.30276395717357
07705,33.50875191097544,31.58234590360064,32.6631628351898,32.40949606926729,32.44110474921849,34.81014897233609,34.31784730284418,38.160026943802926,40.22535969557846,41.34886439836465,42.05764430730528,45.375109349219876,43.874014335205125,44.65334900117508,45.18769376833688,43.84297247105471,46.104949925748855,44.77033633950358,46.40865434917161,43.964881943913966,45.53056463659643,45.59123963427599,45.436429813242135,46.00867482483939,46.23175583680778,41.7843609136322,40.20661759590738,41.14308490096572
07732,48.85214727204548,56.3890072967077,54.421329030662264,56.13704561840212,56.316348995086344,51.543807491450295,49.43382479392132,54.15399983652323,55.85427179448466,60.14149250725301,59.899921556491925,67.21366289012015,70.04408367862075,75.07365940396136,76.63760512434263,81.98340950986085,86.63183566610243,96.50916577292934,91.200431197997,87.60383058050387,88.01031234757933,85.40550216894133,82.57103253959218,75.41617622790581,69.94954667475311,71.84221031911773,65.62690925211602,70.20160190443129
08380,36.66335140373724,46.17683216211425,39.9136811392965,40.774012582758,38.50967142828918,37.85684935098365,40.074929985313,40.028179818416184,41.91064948702423,46.75450298907814,50.966331172972616,53.147929753743995,56.544130575764626,55.44363650866845,60.930057825856665,59.552467422803836,62.21093539250068,65.02825991897859,63.437090146795285,64.55779023858094,67.53897524817796,69.45657073738876,70.0947800938634,70.99834577814133,69.22225368007754,69.84849138282719,68.98948958532797,70.60830870736282
08407,39.52376548103518,36.550805194265564,35.16450994199647,35.45860240042684,35.240906158988295,35.14813738874162,34.597709434817716,34.39971096532506,34.1161887136379,35.96317217453186,35.75344774421964,37.20826729345261,39.03211549102914,43.40250416489741,47.11820978650844,49.30727699182134,51.01708694209128,54.441920822216865,56.2384194302314,59.10980742923287,68.97259129380696,69.18699105425969,76.56098880450627,79.28099066808744,83.41826626510395,85.94732648019762,92.24042898116973,92.76387236508953
08785,17.25108492120798,17.22901289972582,19.41731566745135,22.50656902575838,21.663192293726905,22.095665850681574,21.49463503934521,23.734189902920924,22.137750668056157,24.286775202392437,25.190545836284787,26.136648593528985,30.824328675369447,32.6917671276507,32.258637033007524,28.90301048752001,30.700375268705255,31.44131839027014,27.683307531060898,27.29824442160803,26.344820009688313,24.627273766644315,24.993305105491945,26.828600047616074,26.733854210962253,30.40373114918716,35.22105698497133,36.00694253882883
09271,243.48751328576952,283.7729929159937,279.9125607285328,284.8032993927894,247.6396374023045,234.29035200800868,237.1446696788485,252.35176416273003,275.5664037677015,272.61372002445745,271.7193153353498,283.1944952859184,284.4977973011819,287.20081765267645,295.63805298564296,299.5913875200301,308.507383913967,310.5666533857248,338.1850126183764,339.57165899976417,346.3423045139823,352.9706382990708,356.5125017852897,373.3487053286947,387.3289785076077,384.7865281964913,380.5194805226108,364.9374537538387
09946,101.13397619491738,109.4756361434971,112.80629413868446,133.6062788229627,141.895726231277,148.2584888160827,144.8941519313094,148.70660434612935,159.60001815005558,125.29840244811966,134.1017965020071,156.9939887446504,176.1767309785619,186.48705856215517,194.3309554268767,196.95528257941544,202.5784378306604,202.6948333539834,175.36834887521468,165.90050346554042,165.9717390791023,155.68927132284364,160.74019727247875,161.72714491497274,163.78918973770763,170.44265559195202,186.3300228005117,201.11806925592148
10162,38.428648632968326,39.51764048168194,39.42458120335385,37.6823041285446,41.45106933477423,43.57840838909003,42.26606220919662,43.4050349062647,44.14085853724816,45.410969542258215,46.57563552579085,48.67315384715979,46.540701072440385,47.45716748967149,46.75603221440646,48.16677521575819,52.47644673948284,54.17169915675524,61.82626720562598,61.51318461493472,64.81202706834135,63.577167222867004,64.52240553940435,65.72021181796646,64.89526147222634,65.66093707723002,63.300772219548726,59.5280162516745
11350,97.00488687102107,98.67104516542763,100.6138937260187,109.95607807868564,106.9046298552838,108.88356066496274,101.57024632352812,103.10678837491952,103.28467096036239,108.50066078994575,104.83374339286651,114.02770081304746,113.41129439099501,120.69749380653143,125.96252837679452,133.63621122229296,149.6533112024005,148.51621142914647,157.25259040354493,150.188804739335,150.59031547434705,148.03989428486898,145.26002528754196,143.84090510927984,145.4996859090248,151.62978863191995,146.87332667707963,151.09379928038982
11755,45.242508709130966,43.621097745093266,42.55229927403897,44.927056986312344,48.38980680382342,48.694836731461336,48.184000550030916,57.025966544082536,47.51759803889256,49.719234700129114,56.89805842300592,66.21336961793394,71.16985919053096,76.28138094520516,83.58699756340745,95.81443950300631,99.5199323289426,94.33894503528519,100.81870084983497,100.33225188309216,117.2202603801638,111.29544235278517,117.3988716278924,116.45393830495043,122.15815648477587,114.76107917558892,118.54956476403689,119.01952348687574
13375,31.62532816112221,31.852971670107845,30.14932769185321,32.10045871834454,29.14193593832046,25.816166660450737,27.702984948418734,52.73635279192623,62.5535284072954,74.8375043703443,69.38479589551045,62.54634198128857,62.462661957419535,65.14757639235377,67.72473811489004,68.39275800802515,67.61272463241967,64.30819744915476,62.87948944596905,58.15182716519253,59.53750991850577,61.33593430078938,66.06904801943296,72.8990206974022,69.19274104280137,70.59033864365044,71.94808261846406,75.14329184964595
13510,40.31799310412034,34.00620627821951,31.339054775382774,33.35941859234108,31.905377140616146,27.131136701496892,29.331222245831828,31.51430605903677,34.752655087169124,36.7682281104417,37.3108789669494,36.18025361514167,39.0578960881603,40.70052917517366,45.80360573124791,47.68514200864641,52.65951970731499,51.90824262619898,45.417687669459404,41.84847518711789,41.92809493593626,40.86406410821938,40.650265837434034,39.89322868028567,41.038490429702755,41.02211372332815,41.77894872464089,43.58810732308625
14752,43.2180724195852,42.78683901479293,43.574904074202145,45.031487873120724,42.891168502465085,40.26023595892061,39.58918031242218,42.005395489683885,43.13315200049847,47.1441606137492,50.34017015760202,51.851585375009385,52.23058364403753,51.16594737345872,52.54212936912812,57.18270462035811,57.35185515310565,53.07755903413621,49.915531126769615,48.236924914074166,50.256009641267326,45.79232807158533,47.32280563292277,45.79347661048767,45.18496034574942,44.49838572808719,48.05366665073837,49.17011346372897
15211,125.18386657871238,123.18957702191626,117.8753283001889,126.19308594055572,130.13091810479335,130.6842054108251,135.63165245050342,135.556424097181,142.18963137933537,147.05450944056525,151.67224891225527,155.67188158038402,169.01366345173682,171.18223636935855,174.90623769950017,186.88916446405486,190.2906146083752,191.54032476922268,202.07879064150623,209.30406143613902,218.18005952028452,221.7685370015953,232.37929837376365,232.24875317374457,239.7882071640815,241.8319944912896,229.11037761764652,238.32454938270834
15481,56.474379964169444,57.82087888516543,56.06736800794205,58.003216761079706,56.95852515155956,58.108890435934676,58.20056198323047,58.75834054427385,61.32416725609176,62.546930576554736,61.255089966724256,69.67229492004674,71.68970562606408,76.2988847247706,78.32224415704779,71.96250254425664,72.87311269551488,74.85866755707227,82.21800034027108,88.99834946399706,89.26294712540817,90.53778514833242,85.78332438931933,86.95036414361104,87.8137004913054,85.75347425536874,86.89919247966074,92.71303935992204
15670,101.89233759465297,88.0163753684892,77.10128338176021,67.95981526388532,65.81144018164747,64.05069093291173,59.34090862152297,59.22857296345169,61.92420442385576,71.89972984049415,72.63727477728354,78.23438752769115,88.04001794541549,86.11881447046812,91.26035221265803,93.91805801058398,94.40146486350652,104.42078744835361,100.76850817135224,102.71537400342024,99.0643940278521,98.1519957922436,93.39632221095484,93.54678693290154,99.21992817767642,102.074133159407,101.00056305844348,114.78919798526022
15832,34.812742249744666,35.36911424068201,35.13812969997902,38.20720533619097,40.422586105832856,39.689796918990844,39.27559979367774,38.32941950307749,40.244054190390884,40.67050666686132,40.46741862936226,44.5100954215016,42.888926783086404,44.05172108379471,45.127442478017514,44.24937749679887,45.90185111577991,47.18566688220668,48.11591670808952,47.73296209818319,46.594933752612945,51.212208144213356,49.0402474173624,49.110219999356104,48.730775129140376,51.06626125224958,51.04665345472388,51.60493901137226
16264,200.53738853227617,244.09916878004276,231.9392989537648,239.27978894910905,253.65177359318275,246.72857940178127,249.01914087679106,249.1098344970315,244.0268092280004,247.96039329337245,250.31030434432046,263.9466439250592,268.16607432951423,279.83462638364585,294.1878055915599,306.21095590314485,321.22879915582274,286.2578709414199,296.1890756820087,278.6543332207024,288.56084843261107,294.4203130796828,296.98031941471896,302.2117987499732,307.97117626237804,312.6633092958319,313.436282338328,311.31558489428465
16885,71.44994540652205,75.28053272607009,72.06014607796763,73.19145202963199,72.81115704284083,72.14189779391151,70.53484801774948,73.39906899257514,74.24683552956209,79.71003932403556,81.4273760959494,84.38948473420758,82.00961726431436,76.17290524030572,77.95243157784363,80.589864691404,83.06247666613991,83.63611478503007,84.94017537316849,77.17407295783518,75.6633417986761,76.69405200853214,77.23592834916784,77.61721074645789,77.84126367505053,79.20512162655193,79.69326792924933,80.49362631887128
17668,164.97772165765352,164.95328911665393,158.2274683563996,157.65949892153202,166.37858448524486,171.38066369216736,170.64941718217563,176.51204459037464,183.77573859744172,189.43867245230618,189.97031116487526,175.04006108417204,174.98513183711384,169.68711133890253,167.5313157098031,163.35111003544762,170.60888081953925,170.77821157460656,162.58179423616164,140.7206249782304,141.8422716968074,147.98102103747237,151.69443044484802,162.37418054660534,156.90631660592044,169.59555698532162,162.7523798963791,155.3872415743014
18748,16.244261850170428,20.672801130089344,13.966966738835923,19.602194406171677,22.60966715895658,22.853352118566743,22.07325918412756,15.173140097489798,19.02737747421493,20.55230639256547,16.744873717905744,17.79436042787175,34.724428597084724,33.87692093666236,29.908595754469577,32.61388054500728,32.15759654582913,96.18066714874927,102.32219634539591,101.31360162110037,86.50809931143885,75.53163248328221,69.8217077066468,82.46314861921334,59.05224392099476,41.32848664097211,37.68399855560495,36.41082194759236
18856,26.490336361956388,25.635531389007834,24.80055300530749,25.80642896723571,27.423917344890555,27.992714977011897,28.135681888292382,29.496060018236104,27.192805224517617,26.965773549644645,26.6058050268167,26.10734257996206,26.152118227863813,26.12619860105141,29.41070008986368,50.33424312310412,56.093377767574545,54.92455113791921,48.54545615875786,34.60565546188758,35.14000450142572,33.20320566199673,29.7610777515617,32.93968509565804,33.006078312384886,34.826568199308575,35.20763998986737,35.645012961267994
18937,25.588124462344467,22.751176236811407,26.485655826912197,35.166553170642345,31.941200239332975,33.96664707537356,37.96263731969539,38.932237404498586,39.75714310849783,36.88479619739104,34.77194292760261,30.530046550994502,31.202502082636084,29.113905874069296,28.50120579402749,30.952200689804787,43.078000889215694,44.83195280554633,46.83312535499583,45.81535911280863,47.79728026794472,50.002202039747694,50.02979264790894,52.46247190801888,56.03924595250502,54.358662659012595,55.47140548573825,52.18029732158154
19234,78.02179840025805,78.75672945034715,75.50251874392077,75.15877549748105,75.35309925193188,73.9883699271875,74.61335941745072,74.78953754013905,81.17643283014714,86.88168161366671,88.15524126441521,81.45609188673653,81.42848505073248,78.14367321411814,77.08647722764894,66.92383677101641,67.02136358241714,70.41035781853803,71.75452399545962,73.94586497812472,76.88157526474969,75.11013028117493,78.74900754099521,81.25086927444767,83.42550358598287,90.86017309841658,101.28765190281229,104.73565161459794
19504,52.56225344571639,53.248742897670674,52.84417980852013,55.52311317161012,53.69704246584459,52.25184975982487,52.25703386810542,55.20607041327518,55.79806799922892,57.78324135424674,59.67127864960976,64.41021378584621,63.658187749859415,61.497467541647,58.505861394693255,60.053307163751555,62.26892869586776,64.84760498209883,62.04745704539023,55.43481494659342,55.32864842969855,55.252705239915706,57.10533983116783,60.28238787484582,60.59052938281125,63.066849485317285,63.72156896250965,65.29067249034401
20287,84.31581051759707,93.29210925114356,75.25077387399361,78.51935740451427,73.59482243973419,75.41048956633979,70.15192112035314,69.91904438405797,72.48263150806832,71.70378777203544,72.56563217654339,76.55323530099983,76.95762049727678,77.05762513569807,77.51535545607081,76.72565357533784,80.88057490591721,84.31504891373396,79.49038060857411,80.133091941585,84.51906193576173,86.75978073371456,84.93330452117073,90.26724318955996,93.25884785089956,95.78072307701886,96.85353022903756,94.21523902373224
22042,71.0120159964104,74.66044995011265,70.85738206857671,72.16430273098717,72.95649418835565,74.69120400354372,81.30825796708875,79.27603065515699,82.8549509918915,78.81310143540075,81.27312100128425,97.23846393452847,103.77745636240964,93.23524146171182,98.15951271967923,98.36964476595058,102.94634943680107,108.38683709656755,106.58677092482972,108.29297268765454,110.83376763855009,107.06084279941868,107.13977070859123,105.34424357841763,104.36211277699898,107.24950440103956,106.85398088588506,108.17840247521097
22096,40.25270504143743,32.40377293948473,32.03651323811953,32.37009252714015,32.771259275317156,32.8397577350636,34.39591218374058,33.60423408890178,33.004897197050624,30.98927041011317,31.753436362319523,35.983176063333325,36.310344694684275,37.783454917522334,37.74852713481835,39.10100069437651,41.15094098066829,42.03354284113539,45.31488472510976,43.49068611124328,45.00982697564506,44.829007183488244,44.843976879036184,46.35394559597535,46.50273101622864,44.88656031242963,43.87326046990513,43.977018897703026
22366,29.956420876147174,31.532834406723552,30.327511781711614,32.08539151779655,33.22734001973077,33.25723162783932,33.5944280200772,34.2305707446947,38.49998245803691,39.81162084017255,43.061969220021716,48.83843745232827,50.43444394466325,48.62871297075878,51.03301740903334,51.83739963151623,58.4364843465369,66.47071053495635,66.31590212220291,67.61724795475375,73.44683256143583,74.52617593775187,75.09457080442772,73.0244567770445,75.25253395675344,76.40364838683521,75.82561290451464,77.30703793979808
22528,71.1062371477501,98.64975266622605,103.54179759484039,103.39407587449377,101.30031115343182,99.41625398216325,98.08062237882861,97.40991037287971,101.70111912499407,101.66990347787392,104.78328483062661,106.94929811381401,106.60583479025769,108.51550037606842,108.27764965022864,108.15389326199302,105.02214631367218,102.4461807818823,97.96559067322862,90.4182543161654,93.20096191074742,92.92140896361421,96.1300208766986,100.79263683389135,100.86562409883857,110.15733480706665,119.65400005659893,116.38318854597412
22717,19.45985229978197,34.6178858187871,36.24036124993506,37.070284902851,35.49882863251798,36.36589881433825,34.230444173775005,36.397829399208014,35.07126955329369,39.339454674705344,44.270209903201575,43.97581695939959,54.53351531325631,54.92876361484681,57.19805619684049,59.09943429530209,62.865622358410825,64.28795949144325,65.86803247254576,66.26538084080485,65.43305759718818,69.66356363618863,70.69387103779505,72.72638272523918,73.65445163677819,78.12113869342735,82.35934753478848,84.01582131223824
23527,125.71797472996391,124.86266834870962,129.1222599133311,134.1929881603217,140.87619982322562,142.24532966668568,136.61445296412953,124.22731415011775,133.74085850273633,158.75229078983097,157.17980216459327,174.2869691985387,171.86705216231937,168.9632469638244,178.17512068851647,182.63695551885417,191.17115459411855,194.31578295464465,195.57924612032895,192.1161474907286,188.7060930544698,190.38202736710613,199.6433761158498,205.91403443142437,200.62468967306546,216.83565901921315,215.3079163360736,225.76700741331123
23743,48.70194012077653,45.78030996778735,45.24094336677439,43.378548823776896,42.73047554542285,43.302611753021715,41.660545457334585,41.49767549747315,42.482485077837964,44.27092751784726,44.287363823485116,44.55864966361372,45.57331506528208,41.94260984652478,44.030532927335976,46.26292277574268,45.85968148756452,53.093940561550205,58.41385573371513,54.89703668834978,50.64272555967576,49.76957901359196,52.06460304033734,54.7206839140283,55.14364845891309,57.08287244543663,56.59894227612427,58.8153386858081
23824,89.42800563962639,87.80200701080288,70.27703774988295,66.80443844990717,70.90226603678015,73.85638057569604,79.04473424390028,83.7006139652863,90.70801025783611,91.1786464241818,98.64109115278822,98.1847466977531,100.23063705195726,102.25643948533244,100.90180882121457,97.84255086948795,93.3078312869431,90.92669853168873,87.62240137528127,85.69015164928886,83.02443941162012,79.1899494861781,67.58185184454156,68.2998844845848,62.89857855984144,65.97178081117343,69.51537406516918,64.1333190575352
24850,137.1085505199328,115.63501607250642,112.0459624035471,117.12661067348324,112.30335528860375,113.17795776621176,112.39266778962947,109.30070825766705,110.6034382210337,111.25887915514802,109.09671880501416,114.78077392035955,110.87014826901115,107.18844946869463,112.00141678859195,109.83666468001576,112.89596973543559,117.38459461980781,114.09272728281434,116.35580479628706,123.96551867480433,124.42193266620811,123.19175740445318,126.36902068730421,127.66667904319065,131.870829713883,144.5008987672061,151.06137669274594
25228,36.231124616040915,61.41843353624092,60.06529288239242,60.53133223314984,78.83133702737182,82.78452755433206,80.8900427168083,84.45479776786038,92.09233007469437,98.95091527311114,103.61974040473986,112.50819354153056,121.41233496618189,120.98889883666509,142.66356221653697,142.17920856970304,150.69367681854033,157.15452993853958,163.30263166881818,162.3976425591257,172.2266286682848,172.94420732987223,172.46775386334028,172.94277725744104,193.24089190694383,190.46027551906855,192.42598317097486,188.68612737760483
26038,33.00363703045736,33.46681776721302,31.56449074492014,32.17852927364542,32.90397643478904,33.10799722548977,36.244237448262226,40.626367829766224,44.50505493044303,47.38032289941537,52.05734786944669,50.86677401843279,52.445648353193434,49.84839959989997,51.75752905461281,55.799240310532845,55.98595268272074,57.53601261506989,54.58048783000113,56.19776305352735,57.040572659342104,54.18977540456414,55.965746366950555,56.290318958504024,55.11764594758896,53.042079472694944,53.18052212287941,53.002177907847276
27253,55.7725910190212,58.13770247174131,61.703883127265314,68.13836190313589,72.67848233653972,67.37156521622298,65.9976384362891,62.770620809866536,65.31870973859456,66.54989739705904,66.33331345827474,69.73043147687453,72.66214822042708,72.47856093080334,68.42642125306011,68.42934031237722,72.03611201935652,69.0449224302155,70.09936701122606,79.53188453447802,76.82879588124797,74.36383890914034,69.47971573711462,74.75981298571637,87.37994922397552,78.98562164364192,80.43813125595356,76.97109899860565
27766,51.27505022522603,51.58338418891383,53.31044842224556,58.81892381980228,58.59670792504728,64.69650452688293,61.34519726079534,70.03255630213637,60.98600094304609,65.26029837261608,67.77548047898436,68.6344668064751,71.81740632291194,75.562412242956,79.24505430109942,80.60706608891466,84.72992150682416,94.19084695366358,100.4523300436603,100.11355204640306,103.26655214167086,96.76794011181136,98.75610874358121,98.996633318376,102.54856303103686,105.81861562015443,106.53464977221455,110.39755108069242
28117,94.12323269461294,98.86409123890314,102.01528676280277,105.98750559251978,111.84232501267485,116.02129544083623,119.2663806646676,127.56420684538733,137.13702141006152,142.16698865779827,145.05105060762213,151.76192537323686,145.99216653683027,147.2509373600647,153.99680506545602,157.0819390453521,169.69045460028534,173.90655350899806,179.78725088857166,194.02391818182414,192.8206446164973,194.078914412007,193.96593738535464,197.7196667171346,211.98250403018062,213.19851025119138,231.3424067752417,221.44394130084055
28657,23.826020964719977,10.410965166245086,26.963607008913968,29.812629717156504,29.458984355819183,34.22578828518039,37.86040652662068,36.13787050130316,37.1393947507506,35.80403834304811,44.819965011727184,50.46921654010339,46.34511475630592,53.29266466731325,60.53584228317657,59.83845865438633,71.1038028921303,74.44351549867832,84.07695225643826,78.89357833500252,82.95120798969742,79.19370827350677,77.44905332017744,76.8222754472288,73.74412418202294,71.79394788118925,75.03681956975917,78.80330224357202
29440,15.390238595648352,12.574230484724957,14.567650819497722,12.94734860060898,12.517080360252008,15.128992580713698,16.057605655378698,16.394185739191723,16.624042463017318,18.406908893268845,19.19150309475554,19.474266542216395,19.57189812779046,18.34130643976367,17.396506479699635,17.347057007672678,17.730884317926606,19.044069181054805,20.42730139075735,20.143382696280938,22.159942052748782,23.440681820036094,23.00291899369113,23.895058345131048,26.243799927456713,27.261171267871536,28.122667061771526,29.999195870385712
29872,33.59789876965996,40.61320245480289,53.31339444460981,54.43607281834567,48.6455184669021,51.094127230959366,56.88335748864518,73.38430095319609,87.99237627472819,84.61179623498738,81.22790901274625,80.77129960208238,68.77705871568858,72.96271292313268,83.67273950187108,81.44077752282045,84.58814690663479,92.56056217114114,88.29761621398535,89.00394414865107,88.67459352049093,92.11965697928682,99.54694448280769,91.27428819847019,94.27233598360242,101.72389243408841,106.64371401910546,115.60972292039743
30628,17.022789832041,17.603088824100627,20.623057794953834,26.890045581107476,27.068935442304337,25.46491267253317,24.519546569598607,29.964369431371946,35.26268681753648,39.01494978731851,39.57770197563811,41.88670499341034,45.65012788726078,43.48515316177928,43.91192155571162,41.13192876581387,43.29822147583109,44.67416564329154,46.7552101770502,45.119497502417126,43.97351519879463,42.0494577253765,42.43215418977277,51.10322214056389,58.09688725406153,61.35668678143384,61.082841084226054,64.87456205958135
31087,39.960575443923794,37.54514966865063,33.47753059826158,33.904924637699885,32.92984760075473,33.68202694594769,31.683523445742278,29.163526318769193,28.38593032053417,31.66814083074181,30.7190831776823,30.636198474883376,31.69254563791551,34.54111580747201,36.824265236896814,38.578637797033,40.96165198252292,41.21490769847318,43.98039492268517,40.74616050437399,39.77461601122311,38.484345626209894,39.60886376788995,42.47595593714658,42.57859935137427,41.45794368561316,40.036760722679055,40.70575011521904
31843,56.24535489080413,57.536082180338106,54.14291145494924,53.27015440976744,53.066924716705934,52.22033095503045,55.89666103141059,52.68172574030528,56.94491088558822,64.02301720440386,65.53955730174944,64.85852554442691,66.53527135715244,68.73826920791892,71.6695704579128,73.18313868191399,76.6499097189763,79.47384001127816,79.2458606817638,76.41992412946476,77.45456604571085,75.57686620105312,75.58312980351951,69.34104931856871,64.40916289488516,65.37846801283274,66.04246129717095,71.18864098924978
32167,37.111454767619485,51.325314006902744,50.80409984565181,53.321938585932095,57.382020256218,49.52348862476629,52.67867258848944,53.699696301014605,66.89489601539638,70.64219676999309,78.41629962731389,88.71364392016844,96.40022726355761,104.24425285855938,109.05211842984255,108.93642007662318,112.65648441987963,112.22749765599222,114.00264365747489,110.66399342232287,120.31183255921898,125.83900767288168,128.42755569335685,132.08060476416898,124.88672304056568,126.16490515190104,130.7388951334502,129.01523277972544
34219,38.46659589768175,39.09547046723985,39.28273813933351,39.38632313489422,36.93502876954854,34.11244197972985,34.46659812520987,36.60189882803372,36.522001428690906,36.30311490292162,36.6127464975682,39.4837599109751,39.84519621031814,32.917061044894616,39.20943654259629,35.31174757118082,39.56964166388239,41.25693605803004,42.34633458646616,44.911903469583734,50.90655982552792,50.095063777862904,49.71937136548658,52.1510078734815,54.74787301476532,53.30621004376074,56.10285885040776,54.567786504856805
34300,28.166204971838887,29.83707281761699,30.161120925297475,31.11442211917072,32.79377334565704,36.67179172474399,35.05136141752521,36.097476890988894,41.84917397180967,48.495297128662536,55.83980100944494,55.60444901260416,58.41551378473539,56.544693243718676,63.18455189166138,64.83270191608156,67.8371654496877,71.69006424843087,73.98387317223727,72.67235288561058,74.76818209111754,78.85104324850218,78.0691529448965,80.43622792002468,81.00181101757236,76.0643181926689,74.99505032109357,78.74199243704639
34813,36.166033563493485,35.89000524459257,34.46298422492481,35.49010523152525,35.7778415506563,41.37227480941667,40.81828992764582,40.633371372121545,43.07906403583201,43.33209935290129,43.67415743908589,46.260578495350096,46.31043861027236,45.621415658646995,46.65379685158825,43.54984739819363,44.19843169388019,47.00790060003397,43.21462493765388,42.13118049268273,43.16696982956599,37.964323328694164,36.71159773610082,37.800320223425366,36.56905168438874,33.836408331174816,34.72147023659942,35.69009225243119
37243,97.94063373396875,92.58930073237498,90.88201979765964,88.12690179540589,83.22650482549633,83.49084892772844,81.07357688208211,77.6903894870171,82.12597859826839,80.43356821206724,82.17753655189253,83.98453473162633,84.31793282902056,83.07322528053535,88.28456767799794,90.48443766163187,97.6885741548256,100.43470062949427,122.8634782167325,119.29209221760192,124.87710345934883,128.53354212744284,134.98017545721646,137.76277080822598,148.54623295911128,167.8931395740391,165.89098649149008,168.03910036526193
40429,94.94799184481045,102.56483945107387,106.27708317795178,102.04925687622229,94.08289354366386,92.94314024543348,84.93459203441125,76.8263287266991,76.75819114215092,78.54200927020258,63.953637020035366,79.25227206289894,78.1864616948909,91.77913453360057,92.4393128869095,89.25722139948658,89.1650014594865,87.76610721259381,96.24431297840479,91.60145888637832,92.55496607836068,89.88152473078286,90.1083005726018,90.56731896044268,97.77820732330821,98.4358387565564,100.14540136883552,98.7280803776775
40753,25.626243157118985,25.030468515482486,24.142087400087707,23.82511889344164,24.661517358964726,24.647012281258885,23.751249714207667,25.359118163587045,25.33267590494183,25.875729771306798,28.148390280592125,29.306602898818362,29.978412772170472,28.12840748245687,27.942915475998316,30.857948160691837,30.289413664086922,31.429248537168327,32.13313122458769,33.81911818257668,35.393466422888935,36.54869071038972,34.73791987410587,34.98922438214503,34.23895381085697,31.41560775895671,33.49136618699426,31.77510631868582
40780,9.805263817196394,10.779488923578604,11.654783410378027,11.82545086794385,12.150891523586715,11.604960086914838,11.831286711137773,12.205220897439126,12.584147515500685,12.948938584685793,13.140621640594441,13.076461224131663,13.131825085145326,12.068826084108741,12.089343480153989,12.425149906798337,12.724410564497846,13.744996572179259,12.746432679634278,12.847362488355547,12.983671056448856,13.595295152181786,13.379955137246286,14.010741249933202,13.900912126943322,12.676887998270146,13.197944621988729,13.264637714058582
41212,34.04948001515981,38.00013164641223,38.91309530057417,38.91701292427015,39.53384404183151,37.7060566578349,34.600743903866224,33.8197025354315,38.12731604177015,44.373428361829724,41.43794023800445,39.22975990010347,41.5485923857875,39.62780700486001,40.18478855146543,39.52493596783468,42.935931361782856,44.325102618238894,45.989819563992555,45.10116191439296,41.23306111847087,39.76996451182738,43.997606903662984,44.532012278744084,43.80476438594966,46.08570207775265,46.19084832319885,53.66305007487196
41347,66.2421735869972,87.87017290462616,86.49369715096684,79.04462829881032,68.5258129906664,68.23847933992403,65.94137838174422,64.33171013387633,69.7720096432782,73.25088818081174,80.22181915414161,80.56671899529043,84.23461204093344,77.29717197662723,75.49917673858752,75.66482400892858,72.71381320635001,71.49274265266753,77.2827091830114,71.39660388938314,70.01320155814743,69.40147751306439,72.46962637965069,78.30684026833393,84.13977657724905,94.78220173258711,96.08512122198344,92.81437120627858
41590,102.00561378636169,131.22615949211396,110.92609163942795,111.26460429722728,95.17039967811158,94.81489540382134,90.72278055838447,85.21267382551993,84.74511230386045,83.94710436695892,84.46165365349655,85.80740033862764,91.85910700410095,88.32167971203751,103.93071771930923,107.63275482797337,111.59277452897972,114.53643941699167,111.94085800241825,123.79768111478542,118.30763343279804,122.79024863392917,119.42344776818537,118.9606222264222,114.84271723373587,111.2379486561952,109.88285487731154,113.12521734331501
42157,55.008347409765165,52.580377837885585,51.882950494708695,54.72182902158225,53.71598541767188,54.4736283853623,55.07755173609919,57.124823869341,64.46869935037131,83.71347690847296,78.5835370295427,76.91259244424275,83.1808645039029,78.05360508394769,76.5437879394116,72.35002480476001,65.38480671630111,59.76424176273599,57.26038645960521,55.19415223071899,56.84216462207643,54.749482292982805,56.05179360783218,55.49425889010967,53.10774913337886,51.91042736705721,49.36480757160127,49.40478479091884
42211,22.342273975363376,22.236195415081568,22.393531751812798,23.415584965510813,21.89238749417462,21.08497054541246,21.070438037607037,21.110027664240853,19.925247654365496,20.51103096041915,20.97518384684112,21.355191744081544,23.553991422333514,25.08575317259171,25.060491089923115,23.724153993584594,23.446263012057216,22.54369601209102,19.746235352815926,19.588192161817133,24.31045335380894,19.668603312097716,18.08801459371474,20.927516599864095,22.22429329030843,21.87259656818802,21.62811375998104,17.109271086824744
42265,28.228425676451774,29.92361502705174,29.852652516422836,29.614822233689665,29.20463940086563,31.9006857236582,29.00212262909933,28.45502102719412,27.993163560967805,32.760031389009534,42.89984902955328,35.10758791506488,38.615472856206424,39.15257676153211,41.731121131099,44.21239584625932,45.188320613966006,47.150933089164255,49.43189874264312,45.70674962146213,47.184936543010664,49.4972902549396,50.12822898712197,49.50869452564038,47.88526799675148,48.688280557220814,47.88015878487063,46.74262693524596
42346,52.666023751779846,51.29254567812631,51.62985621370383,52.206639450875436,51.302706555408456,50.828546319769636,49.02516189654356,52.296912505468775,59.43787345221601,58.84162174410647,76.35428416608914,90.35068195672584,91.3571317040344,93.50062774085029,106.02756426370938,104.29957452464032,104.42409171754882,105.41690195327932,91.99149974032822,90.03776753669848,82.88501637163519,83.70247053661932,81.94757089784615,81.59941617625663,84.33645297208193,84.16223983943789,84.53346040208697,85.7524310578194
43291,77.57298508029307,74.52238049509175,77.75944387250162,78.86944243749325,75.36933125789795,73.08831761651403,74.02316703203694,76.39146175127689,81.30339265795254,90.34473684158922,89.723504748769,92.11785001845651,95.74386082688666,94.7265889393276,98.08456825538897,102.14883164238096,101.91701924293324,94.53301786973503,96.94203183618441,127.42342133480163,137.91052586914088,140.8176290042542,150.45331357376406,152.88610385752037,156.38644634422275,170.167124727851,170.26086425270776,168.6599700576211
43723,44.18204539269043,43.38802613955486,42.18263281698379,41.72702603333442,40.77183917781919,41.26443607669392,40.730166778734336,44.83982358179204,49.06125244180856,53.92821645201565,53.79772267073395,62.027198786476816,66.49975690534505,68.02791772586897,74.17289999915295,75.77621903597057,72.11635003445221,73.48356519775143,73.22591925633442,68.50067243495756,72.2454574766272,72.03557808937491,69.37774514110025,71.64477301577881,67.78879148074294,51.54185759185983,79.26757142834039,78.63245254325282
43912,64.19243359472385,61.815402171405914,56.974633764786795,56.653273758499324,53.325621680553105,52.03098964222196,53.62560751531889,53.95465933360848,59.626122033950985,62.28687558342654,62.135881310566674,60.114534623692165,58.36179133936657,58.71669911505314,62.50970826078093,66.23085194094921,66.92287966633042,70.05404726475686,66.34187107179807,66.00153063603909,68.05501097722392,64.47586977590326,64.2854956784645,61.650347312949236,64.6624981723554,68.05159861853761,66.93229030041175,68.31562226103155
45640,34.64675034635456,34.19331605276277,31.716585612309107,31.057067525789574,36.063113173533644,30.80838384388862,27.963345618897353,27.978660095751625,27.064208900870696,29.816382679414303,30.829077750680828,30.873516422876012,32.005171785724514,32.78543607472708,34.35499710251627,35.999281587850845,33.249239414663585,35.45199492132375,39.669747956230005,38.88934607196625,44.54924463279246,47.25225161603179,46.38366259667972,42.95338578949063,41.4702191749302,41.139640952144404,40.04088816628194,42.03973316492
45910,47.535828435921225,45.59190944450164,43.203528290203494,42.80796975649115,44.855272239641884,44.343261702386386,45.96936715744028,46.483364897192004,49.02494860975873,51.061545306833985,53.7766084293496,57.51154224197005,59.91724703381145,61.704276313715916,58.522217987195276,59.62863846827927,67.611747799625,68.04431470927564,61.33691226673577,63.28178388333451,65.07136923055141,61.56440082635489,57.54247447991276,55.76850897611831,58.88380701363384,59.917013378190575,59.47497779900138,57.654803517643614
46018,50.245926439865954,49.3220906031129,50.01563647943752,50.54583530572446,46.185552185735204,45.0499143270443,43.58217414260255,48.15035489121477,53.505183974914175,58.26859119282146,59.112257021367824,61.798319327731086,67.36479497164582,68.07526351612516,71.49142053413368,68.0222350386817,69.28468305368176,74.87879863130165,82.83123846957801,77.14304155663218,83.93961492837954,82.1763963161022,77.29109275971508,78.61532209261262,78.94842333132688,80.89193126556549,78.42215994650662,74.64840701943525
46045,28.528689106105237,27.346120584381573,26.209422069040517,26.377044159061406,26.3601831985867,25.008975238958136,23.911387369244853,22.893627413423232,19.327370555757437,22.727729509282856,18.01667076018574,18.0351119759535,16.53238567617705,18.1103242372389,19.99133309762226,19.247540224092937,20.694121835477386,20.943486587161075,20.51197441729745,21.923895919373958,23.0241767584065,22.118262650246713,23.903643297110396,23.954013614923447,24.272874874886174,21.800650974575902,25.496626932610305,24.377307593548096
46828,22.530857667553857,22.449119548697396,22.449735503526057,24.317768538528515,26.55511357771797,28.85356167846619,26.579305914020182,26.15719403044979,30.028598870380456,34.21711017117114,32.266907958536116,31.407530934375753,31.911232284940613,34.855712741175296,38.43862071416352,39.372489974832014,41.61761839097442,45.68656092614584,44.27646583927677,45.345790704405076,41.97907406873104,35.45225688236089,35.08568858898772,40.735771443744746,36.854233446985454,58.62717589626858,60.11566765086462,62.35953149829084
47719,61.110389437601064,79.46443119584404,79.1572074289626,79.03881844000517,72.77328077868172,76.66325850663834,74.4510793395523,80.20863462392208,94.5208822555298,110.29461832528906,111.90557877662614,118.82869525332165,122.40367455708218,125.69516955337694,128.77052417471828,128.11673510957903,130.62375598580854,135.43307807371676,136.51390702798213,144.85363535460496,140.2730349940568,146.83747502530593,143.593865256796,146.67031544738794,162.51289134024603,143.8211143138891,145.28942099626872,149.9497168930532
47854,50.34362937241966,59.75928739025939,64.04002289500957,69.74646462673938,70.41915783590125,67.91529520919578,63.06374737459781,66.00829527320751,68.76373545367653,73.32818667248316,70.90633259911895,73.66593872830082,74.46281147050401,73.25435361579879,73.7081324590493,74.12412253780748,73.73956065158072,69.99301363363213,65.5038748843028,62.69139210310575,59.94687620138975,61.28669732878611,64.29223825262069,63.165452034352505,62.95870723374696,63.24226371682998,61.44826883951659,63.107277745884815
49096,76.8077798800241,94.03648161296549,99.28630449192326,117.72133081760066,67.66535357359632,72.26186984428763,75.74674714476213,77.75247126334283,79.45405195918342,81.73240470923056,87.30291350730015,88.92154449387232,86.27767119100737,83.8784440884852,84.736059162966,89.84694970979008,104.46120652418058,102.21287996930236,116.78159003610709,115.83786347151083,112.60959311057523,112.88250934024963,122.5537860141747,145.7942363075711,146.373112403784,146.8341958609885,145.96035599062415,152.6500006511858
49582,42.77787931811208,41.55255659823512,34.443524753361224,31.6696783032382,31.05141792625314,31.297306396414935,32.322180292399295,32.71882326026158,34.451751019888405,37.18869298058977,39.875540785904825,45.67186683363421,48.00836988777006,50.563364966760524,44.14986915424008,55.988933991921094,67.29987485726187,74.51704206782834,74.97597311583328,77.1856701889201,83.12268119438414,83.6643724812116,84.02748010869593,83.45537800847801,84.2961707592772,79.65278703045843,78.51343527476573,83.46950407013914
49933,30.405835350826095,44.50123823764749,40.13498093596938,39.77720171313434,40.84024106191384,41.214174939119125,41.45473622287487,41.037850209398876,42.10977813776781,40.81417857091571,41.66141250120449,44.6160939215714,43.04715365471515,43.92759922755411,44.05764746711205,43.67698186133159,45.311198946510515,45.30811075872136,42.957397162109395,42.925291038126396,43.59343090776727,42.87898592436746,45.07702802732378,45.049073252495255,43.891062357832915,46.00585766551886,47.585796025821864,49.18065077581871
50392,30.433865053077437,30.090419325801633,28.836947919379732,29.84294571778877,32.13138568522772,32.834128240553326,32.958243536008986,33.16950781378659,34.16276616016159,35.568080707883134,36.100354891736245,34.564172471216274,33.10665921943198,34.9673811503045,37.36926332488668,38.08152135586107,37.37221998683152,37.78523704052737,38.60321111677521,37.22959647183208,39.043902841701254,38.87505216075697,40.24583524889974,40.834580401589676,40.56926896907176,39.3395512796036,38.254433562098214,38.61225806255169
51445,28.385271751959262,31.39015923795493,37.8694497466158,147.30203972708395,132.32275224661345,145.493030124455,142.87627793202728,137.02366692063836,148.96183033284532,143.11422148659588,139.260270111212,167.8981844895559,172.93949117293897,170.38957011928557,180.30972930901592,186.39079579391296,195.21015806213023,197.1155539111541,201.03850983766492,200.1172456284893,199.33132714016068,197.01296846238955,205.65146992622434,209.03158105947549,214.88496371377573,232.4507076778363,243.49562184555245,245.08639847130414
51877,15.909774323002738,31.331610383643465,32.11330358739846,31.633618452937757,32.70756728167415,31.706107387625487,33.142088686340976,40.68448287123844,40.013788869262385,38.286886743190955,47.30864358691984,46.15343022767599,44.92890140144845,43.53657328083642,45.942957512074926,45.21442370096327,52.25851020210214,50.69751157195639,50.093031884369616,50.74414273996043,46.95903974539004,49.80238829317982,47.77897895884604,46.675065165376196,49.00876332819283,47.280782533274795,47.65000919906393,47.11695990331903
52201,54.14276875780222,54.52013498021842,51.236690626389574,47.87754229979144,47.41750507875318,43.54341544828352,41.707834267055155,41.546035514932356,39.50837041746133,42.80866873364603,42.69611480195923,43.71606203724134,45.7686590664062,45.88336991153334,45.48836044138673,48.39068892272372,54.508051034073645,60.399857460033836,65.92679529776262,66.20788826617814,69.57372528723896,60.407786446898825,57.83147997455261,60.309754697033924,65.43138063322925,64.55881388715865,68.09662342293966,68.6651596763548
53200,145.22402295778,144.81886740710272,144.15794308504675,140.9522269914174,134.55157103476006,132.95682734618646,133.85257511320376,144.73835474933912,152.86501231456555,148.13976685504872,143.34063290790192,145.74038524637146,143.38156403069223,143.63301465557703,143.58782383766538,143.56744796627967,142.92014343906405,143.63655759668515,144.52685114629148,137.48273955191766,138.12312231437323,130.41377166407247,130.8031175174794,131.93584236369884,133.7087837242432,132.96726403691017,130.47334557768798,121.14242931702023
55981,36.16097387245689,30.287345394910417,31.3827203668085,31.16655652930408,34.83389162052545,38.49489355017733,35.82636959428582,46.38567287562945,44.45649226772245,40.136249950743256,42.16388698499733,39.562110409017166,35.391225261339656,60.32779755997898,53.26787103160574,56.88469195029561,52.581729128268144,46.636844846648906,49.02749367645442,49.88234065350406,51.0410369521982,50.556246509975125,57.13628503183438,57.1636955010428,55.52028326988415,53.120712135735104,61.04632365021359,67.99362172067153
56116,38.7435669365908,45.08317433496675,46.35052836283515,44.308526932953875,44.48379459530126,42.28687494863395,43.0773778053042,48.48125832244627,49.834312106328746,51.78875290174986,53.755559102713924,62.077607665931225,65.26473714876961,62.53647134937224,59.234254078797676,56.75131319450793,59.592823386574054,56.30600068783723,59.64811113551106,57.66893559416271,59.21128173665285,57.4569946171289,56.21685385449445,53.458314824900874,52.57299061918462,50.8463786008545,52.48883077458037,54.0868285128395
56602,94.03706182944376,92.21162924978047,99.69608487803929,98.86064740067442,92.75806124898179,94.41495564854137,102.57368957044949,102.89824723412434,101.8557168226115,103.75442115809294,107.03291526018188,111.50268590619532,127.87964304763942,129.19459110840248,139.9831296759174,146.3744504953858,164.15852077082602,166.25448353584014,160.50150337296532,147.08362214251878,144.83420317869303,139.67109795201475,136.4605311802462,141.88158871406858,150.93258349864107,153.04708906579353,154.88169372970393,152.76776605260346
57466,112.66040871165724,114.0176138165718,113.80912753277863,121.03309488450807,118.25767705435754,116.84082739345827,117.46083479999132,119.73101213910762,123.96664986612733,145.69019563926412,148.59505696341557,150.3261843096692,152.7655877315931,151.3333884688693,149.6792720652031,148.68348989813475,152.91848331412535,151.48951393467937,153.66867305664604,148.1959526305023,146.18953028898082,135.22170170705004,128.60752706124137,128.84172956070296,125.58929481445183,128.61198272598045,123.66981726154297,127.22868036329727
57628,95.68558908329028,95.66175595278455,95.96160597663294,101.11442655788778,92.43680980200027,93.71855162870494,92.15062552375849,100.88331603979739,121.90358096142262,123.09727444554238,128.1372977860421,132.54753805209512,130.60779027285895,130.0182163634741,139.37483319870867,137.16761885615958,143.9844262693414,144.63014067285684,149.23892681972777,149.57697094622105,148.40309414442444,146.23507751663215,153.06974517393834,161.89085004156775,171.08183052422396,170.26319238495128,164.49359897691542,170.30899214304932
57736,46.99441962074467,44.63566219150976,44.693404962657375,43.88259894062922,45.70922659573346,40.45251947650097,39.30482129778837,41.61894480786176,40.15146936787415,40.70298376446042,43.877173182259604,43.2465765379794,43.91867921953882,46.1515205670684,45.826588720693906,48.82974199152395,52.41508416606047,51.07949186732956,60.62526123071308,59.40780994754513,62.02910121698624,61.94844045576526,66.66854743502904,65.79097960669,70.83824184523924,75.61171950076641,77.39124904911398,79.96495406648819
57925,23.81960699597147,25.792007517490394,24.1292215616062,23.944652644073987,18.526226982769263,17.645232842112204,16.064702727919997,17.469195073269407,17.960735952571707,19.15859063649652,20.410481806755147,22.93697321093037,25.267130054740385,28.273973988940533,24.088536173889214,28.029120226671587,29.142475950916076,30.911265904655064,31.48831388391828,31.869091319760653,31.034525100575372,30.965541337382597,33.30665733158808,35.00288773529707,34.67819168219202,33.33223756293475,32.06874176823263,33.093937037577064
58600,40.95133142523851,39.17869651286736,36.470818467415235,34.81809416641156,33.204036706980695,25.495414759322333,21.643936865644342,25.63486435154151,22.54208948945791,28.49326291768106,23.20840388141327,23.260582922629094,24.716367019566157,24.78161918590532,24.993917873821182,24.67541605807149,27.957912568395667,30.52340291496153,26.967404173621002,31.065162930457973,31.47632461744872,29.1997642024551,29.149583096694442,30.225185764726305,28.183427804799166,28.409650473292608,30.106910399212076,29.003656297666318
60625,51.580538986143225,71.84878638612646,67.63728459768302,63.49876022001344,66.85363595277725,64.86325544746273,64.83551215414501,65.43152021700058,68.56389106140986,77.04964419463016,77.0428163323832,77.74910255319283,77.94192546012835,82.88285803318627,87.17827578236523,85.94071612851586,84.57537773019745,83.84429016093071,81.50800396768452,77.2290073788043,79.14415346795255,80.84034773524364,81.97367443197018,80.43841919617248,83.5833476836076,83.03399635563495,85.87711326399278,85.64554423397465
61165,6.814504469858304,10.578706452877,10.660305387853418,10.25223129604856,9.710927399031402,9.378144922816718,8.973346231880797,7.860778347255183,8.02877635158951,8.737265209546091,8.851318015098323,10.416874262857593,12.008545867163928,12.706577146398454,12.27588453892538,11.89587593236383,11.672622986224072,11.126597217229316,11.375726484799088,10.710370613854879,12.529157988948768,12.519091206339809,12.803923035365496,12.820151135546862,11.973345436132352,12.585873816779118,12.451800464690262,12.786729682672803
61273,42.676239523779714,42.73820151945517,43.069719610998085,40.866645799568644,38.88410150979495,38.940605272344136,38.80407171623023,43.0788547232027,47.16389127728072,47.386994435040094,45.67139895989488,43.48354479126083,46.09903070765015,47.846522152826196,46.266598630623115,49.754468917508945,57.442087505574364,62.11590431413994,63.330233842231785,64.88638497508445,65.27742990472287,67.73062108741752,72.17198768056555,76.19144792742331,75.5044648078271,78.52343250571589,79.89384769834608,84.63772479016525
62407,63.345815010448156,60.91358881587574,61.209951196509245,61.584217337095396,61.77169345677408,67.28159880438459,63.53177827320118,61.2966367005137,62.55155588483872,61.25811484329557,67.56078029285305,70.85163072202221,74.05475238132222,67.65290838525334,70.52140547392435,70.9667926295636,75.42960907584467,75.78594650530059,88.51587573848805,84.43672210447062,91.36171455768472,95.13406324794225,98.36989159795439,98.16666078628286,99.11331308875297,106.38036840706306,109.1263511429097,98.9446852206521
62677,81.85980798537575,130.87937040465283,126.45734853086377,129.22110281406802,140.60011233565115,129.21185183409438,126.23447148101303,138.6943757339757,151.45599309001875,150.99940387709253,161.27382508558978,165.62782054262934,166.80717301868378,184.9991561148834,20.653687350247722,113.78079325037615,110.95233423084636,112.82128954331351,116.70492511431125,132.88161449867604,136.85576435602437,126.65892155960154,118.25084004925202,130.0773716625417,131.3626318882704,149.5254268350896,146.0065309003392,129.5154566860884
63217,507.180730432975,528.4042067362524,525.2373713324163,546.6133949597415,501.59423726108014,471.1708631589095,463.8822473449734,464.7323340891363,484.85393344873376,500.4506317262563,511.27759982579676,537.0149897230244,552.9024487335669,576.6208616135287,612.4436068117056,629.0855756349691,690.9877871351067,708.0268301301687,727.7274862997401,717.8913681251709,723.9681809228845,736.0273176780482,765.1063223141404,785.1438181681373,787.4072266532926,820.3023804787587,813.1919636212714,822.7391248075834
65080,24.520408399760168,23.892320745758564,24.747833539815716,23.103126986295223,23.669345407238158,24.097784595734694,21.540592086665065,21.138184347647154,24.00671353465989,26.753088425927118,29.294607387857727,30.417110058948058,28.180089181486757,27.138874450627814,25.477128985043088,26.515483650870124,27.90345117112412,27.223032620425194,29.829375265459326,27.477475531934857,28.412997015301013,28.489204084190416,28.816580062157822,29.118065606510253,28.76290957671459,29.090707314388915,27.28668892074083,26.32736685786502
65242,132.747189881825,141.09919962768348,166.00801718041876,187.8164354363805,182.86490622302438,183.1403609745538,180.25404786308746,172.0466886615137,178.46516169357088,131.36681948399092,128.74003505756335,122.45733778669465,126.21488799081972,137.0704429627471,150.7904213883521,163.33654627801647,169.54477182379077,185.91810973174978,192.88966277361718,183.53456586061733,193.91098905715106,194.2670736336993,191.8204066581906,189.19679096186195,187.2347577192499,189.6905116595779,196.19899007691856,203.20799009079428
65269,39.4224102732489,43.5165739875047,41.90853078679958,42.4620058555903,38.63728070935005,38.77231784389922,37.55903364851174,38.564888289073494,35.74065824315506,36.62977293995787,35.02703229263066,37.02844322627705,38.03082921919203,36.27503733693587,36.241164177209825,35.51996536024573,37.11373746930231,38.998287598980035,41.50491335747548,39.84062212753771,40.12235091617955,39.38889695440236,38.84598857878493,38.023323954290895,37.8111114851945,37.07613682597267,35.66277216434644,36.757402384391945
65863,31.227141584060387,35.861801117200486,42.21403161468379,50.66702173670457,58.89668681167812,68.59236035893841,67.06302221539903,69.25454815635426,69.71352216878104,77.32288273991047,76.2537271655528,89.85077363192877,89.72348583191646,80.81146845081346,82.48751247115513,80.23051681950508,84.95203938515866,89.98043645852277,85.37676326747622,81.4739397231699,81.61469679633007,78.09956329284569,83.69770722481859,94.63023463279278,93.82086405000786,91.41538512911048,94.83299762157968,95.9520555289704
66673,28.14071730254856,30.245118982274676,30.928241625963643,31.82922554214358,31.977350279054978,38.48557733079345,37.06535853969606,37.070612485188015,39.219725836943965,46.87579870670139,49.6021517690137,47.07429466354607,51.04992305395779,55.1019702634489,57.85057291024967,57.307285006166126,58.03420941011667,59.14373789346806,63.82118762853501,62.72878728585921,61.66695312925644,63.93833219070124,69.18222255203254,72.91096375638669,79.51890740598023,84.20800083239212,87.24370234305061,91.01573605707495
67105,22.14045037390465,22.45606837714727,21.850458923723625,25.96837056195536,26.679888576526622,27.51857155635126,25.192255868426102,24.693742002894687,20.999631806369074,25.690245709328558,26.45119482672928,28.85012743612064,30.513730690161285,27.53297905891237,24.684066207500596,26.49380750370092,28.753374028601648,29.419899035392696,29.64133321397667,28.113876965567513,28.04273962447664,25.95991245430159,24.74396620658712,26.99045509826854,25.924519960628707,26.708837463280904,27.133407593752935,27.845523119626172
68482,17.877112362257414,19.89558567769699,19.500459623243728,19.01893602133369,19.435387037805608,19.555753717600865,20.430898945278194,21.74185459993885,24.021129884847234,24.718268790766025,26.507897485246133,28.133582145947642,27.715924580427664,28.44364334300634,28.105905344818705,31.18205608832893,31.1750181245357,28.932197890289988,28.407323814532816,27.595348686760154,28.872929543394594,30.61777165868137,29.40092872674864,31.99340749188336,27.464591231958636,36.66066436691881,41.379901503438724,35.405122851558616
68509,44.68770092155471,50.4265936162622,48.910541254764105,49.69580199573936,43.54640668304558,35.13347728547084,42.18201315242936,45.0575567280098,46.48480766328864,50.56962569541881,48.724775260862536,54.75096524327771,57.475599948021475,62.74785494277321,69.86302267421314,68.03765336655417,68.90352246777728,74.7698279603889,79.9009223083374,89.3065782114959,95.06106409544141,83.53813053032995,85.52193786823419,87.66214493051055,88.68423404669095,86.141891174284,84.8715915555335,86.94997226788682
69076,155.0469513034371,233.799836525631,224.5681274869383,229.9568470661639,223.0635249813356,226.62170962979275,229.10743403151332,218.2481297935344,218.11611803817405,218.6769314517,216.51448569062114,229.63747871507644,231.3366228052727,230.6858289393476,239.04716830702353,232.73931103105758,242.79634774796315,247.1625309527582,260.22610125731006,262.9922070455586,270.35221537345234,270.19219193959447,265.9251200790842,274.8256287101365,277.5978397238564,277.33702889513927,273.08956541626264,273.3014706984701
69184,5.89152132468597,6.014207266359647,6.505156559502937,38.90407843604079,39.33807957216294,39.08533433228392,40.88549234553831,40.621406851101625,43.17059537112718,46.00738032115175,53.15481554952496,47.56926305208079,61.16195011406106,61.788784740464635,63.623749163338886,64.03967698502704,70.20384687855862,78.10291396046672,86.80988680547989,87.92186268899177,78.8562151845556,77.41702287954836,76.69479919548425,82.80749636919883,83.68297632124325,84.36118984482263,90.68181593676695,96.32985228329454
69697,145.79965230817137,160.27679498423524,179.59443798255737,171.66821474215334,169.21016763133775,171.8189983782879,168.8943964171376,179.28879923044613,181.25976471074998,186.23138721338864,194.30464000788353,205.3718385035859,202.1401896356256,206.76392299398086,216.10358506961794,226.81104538288588,226.67757411459976,242.60367009227724,248.22884105332466,256.5258147538298,257.4044991987245,249.78521210817925,238.50410708282644,245.59687598775216,250.9507767019975,260.58874619119547,256.2918500859992,258.8221758759466
71263,45.566956552508714,43.159906132678806,44.95276531177432,44.497248489077855,46.30986014516485,48.113030381258085,47.47638623839334,48.088864763429285,50.44307817697058,52.27702406724353,52.41840979602167,53.46874108291341,54.13749589448391,53.28813096554966,112.38354077922247,99.30295819927451,130.54568996249304,123.37072818736306,141.80381884380304,139.54093392312444,143.0024402572944,143.34501566531617,140.91086944433718,156.48516608588793,169.22992445768244,174.26817057475452,183.56860463035713,193.54315558190387
71317,124.67050103297382,149.69363172436772,156.80762526939145,162.47581075731262,176.4724239033917,179.67612681836832,184.20211723988558,181.47341155887165,206.09982027286142,213.33091562736638,205.47426419627183,235.3976044548306,226.63755535460015,231.57199296131216,245.9223011811979,240.1926527622516,243.5416534830242,250.88604082235474,265.50025501687725,267.77888596095323,249.40133941279632,250.65661656639716,251.00939673969472,251.9533838427598,250.30779748553906,265.1975150363491,272.97738881223734,282.4868973483412
71803,7.69044625138808,14.087556071309812,15.125205725819056,17.161959758752026,15.213300020030152,15.723763687988196,16.937223433928487,17.172734070750597,16.210684679029306,15.651890102589201,15.568417409844153,21.207993803639972,22.633756288467538,24.07083344132593,25.290463544555124,25.869058438773692,27.4405512447462,29.30797515402487,28.388654666731163,29.810721681001034,29.396681376578588,30.116864025591127,32.56777525641709,33.6862221375692,33.78674709905542,34.82519492035425,40.38182270887665,47.502021555904896
72505,45.39817571126859,45.89383178020718,47.52146383591746,53.74016913058227,55.2739157572723,53.640734523872894,54.41624316571415,63.05760577656997,64.521731705268,61.928211291848356,67.35062762075451,73.32650155497954,91.76840256876206,94.61992232828335,94.9095793005145,98.87556151226359,103.61859872364428,106.4736589574003,107.36922594298478,106.40665985981009,115.07606586763272,113.02889598206833,104.09331920208892,100.99986325693081,99.80045399719906,98.49435296363484,98.47824082800534,101.65144276201272
72613,25.553866874250904,23.756392555498866,23.1610126612638,23.18843112425127,22.7619463644851,22.958511626305427,23.988952930832973,24.670791704981323,31.749662601495327,32.58029477100718,28.78733570912924,32.14846983320672,35.31216453276778,32.217096595935125,35.92767461169276,33.888236922065154,35.07394034240893,36.68961207065158,37.28018930710641,36.22597566271832,39.39244894554182,39.15853544745033,39.610524173080606,41.40934666017141,38.54736196413407,38.95518437454715,40.076798975127716,37.866691543079845
73261,41.41704971423289,37.294616864013676,35.78757583531565,32.14348555540892,29.83228559711952,29.03171809773101,25.507291512942377,23.96704373865929,18.824342872569375,22.377123242073704,25.863726020152114,22.207216708928446,21.6825165700597,20.755707878538104,25.97550574051114,27.52879446485208,27.098760872818243,28.319017305017372,39.953944023262366,43.12512751209169,44.6886945407488,44.502488168971176,42.901986322379265,41.923113110268446,46.190984547681055,37.565623515468225,38.489131612184124,39.46787812409617
74179,84.36349867206629,97.67693897073488,98.73073834098008,97.65566856859341,95.09143885640727,90.4378611123942,84.13831819098945,84.68275455597592,84.50015249315216,90.80166114558575,93.30420735938215,96.99432312449964,101.72863302216409,96.45557274358492,105.50327250228239,107.60754313434128,113.6414367965427,110.32847223546915,105.41084232646867,93.96886668019211,93.41692895098156,84.4868191715727,82.96032183516056,81.6516397761133,81.36430813201291,80.39323731909674,82.8927632384344,82.38028858430445
74746,53.60139049475167,51.5830475883636,49.02569653916222,48.68830259587416,42.01637399819378,42.94628363037985,44.551541726974015,43.19367413738237,43.705678426152645,44.08240259216158,47.35191093407042,48.65943355752762,49.25866561200258,47.99361198618008,47.15751071819445,48.84248299077189,53.854593764373476,55.96706964007949,59.35593951989295,59.63295700880533,55.39526124876241,55.05086031044454,53.07123892495489,50.67502855480749,48.48047451315983,48.20926574872146,46.72407420744721,49.59656743372396
75340,45.53050744453195,49.65550720109365,51.332620008648554,51.38991058004666,52.99469841998541,55.46565720007778,56.17100193192186,56.25840684847001,55.217607268041924,60.899068661851295,68.29315882165338,72.66379585893702,76.37112513857696,80.1041691040296,80.53380988000062,78.19011043187358,78.07273876662062,76.86541160370062,77.005935069399,70.26999804752174,66.92730709216745,66.40062427355586,67.68245789930302,63.58824872475822,68.0917287550106,68.13994233931629,73.92718097291407,76.8414915102209
75421,31.344858001471998,30.058698308941224,30.33982558385645,30.184819884621533,30.94195921656454,31.40230428875992,30.78364700903316,30.812582090011695,31.11369558184901,30.91026013760776,32.931027293458605,33.95808047434501,35.89603699912433,37.42897379402423,40.41280880140836,41.88079845184681,42.87890795404973,43.27662001272276,45.00873173961699,42.69972250547966,44.89935475366035,46.888299590484884,46.77123546352033,46.830223479077794,48.125921032035876,45.359797830120826,44.64304043051935,44.905115763108334
75637,34.0305788374912,32.46550163679639,33.60432138426431,34.98371505173028,33.452593056291235,33.16602763437289,33.75206595162819,36.1679087726875,37.711326049828784,42.66775162109492,46.1068118952546,46.52214050016318,47.90918741221261,48.97435536177065,52.56980665669845,51.575887649558595,54.24450148411269,59.05744892909029,58.34566068307439,60.27293946084662,61.5030315370059,67.07322274428621,67.31176467698594,68.0392080340976,66.64621787382082,68.67171971221407,75.8708412824138,82.87903604689214
75664,78.3390510098044,74.4277035450165,72.52831267011321,81.41310516558016,75.99889232672056,72.15999261734791,77.69003890645216,76.78438243658947,75.08119656884143,78.75325215522855,79.85269182312852,84.64299854392632,91.69600696619997,92.08154074291751,96.93255662988398,96.30485440482623,97.2115605869915,96.40803662294961,103.62224924345199,103.70957233071557,100.7908820801124,102.19748673579095,104.36356159678007,106.786572615392,113.26191739330989,119.9719474898436,113.31884077129159,116.10823430981264
75718,32.286614889646174,31.97433505215928,31.271834583103242,32.72942717308138,33.746116669064385,32.3397523538673,29.707011481553444,29.09664440035606,29.814015927046185,30.82440534243292,33.46459621869974,37.16470777819403,39.61478876163012,40.00058287496053,40.89441192832525,40.79642004236137,42.66206892374571,48.08257198679151,52.9783956761572,48.95545741129199,51.38262152990786,52.3244115489461,54.51485230770289,56.9656483467409,58.30056639234376,57.84347160816813,56.266681028940425,60.434387959164034
76204,50.86782880507413,50.2546618492204,49.598297414569494,42.46335280234698,39.56515510335351,39.6308419228491,37.61201312186238,37.78256655242843,38.774453531992734,40.25720386691792,41.33391572982985,42.922304315185144,44.677438928023115,44.81603011832982,47.99166998730354,52.388686411315696,54.572764268237876,55.451255546137716,49.020510438720166,48.95237814975428,49.19162544833559,50.186888885231575,48.982037792236085,46.5255494866283,50.78868476747735,47.52656325837953,52.81947059924785,62.336898655514574
77068,44.409106338856816,82.03915729494604,84.56899154705576,85.57874702051492,81.97622982180506,82.65085251118148,81.698015657506,80.48388569986516,82.13439877618214,88.4948846543873,97.55644065435578,94.73493088504821,106.10600124679499,110.17649632678814,118.57269252971204,123.14400043182972,119.64347147254728,120.21389582325354,113.5339571112542,103.5727793449702,94.71060557426878,93.39408460563516,98.41951981543129,101.73631915045348,102.49173303959591,104.99348056141079,108.3193435651655,106.66128452904805
77338,40.36025688148329,51.404745125675355,53.30019570866408,54.258879153536206,55.20051767568517,54.16108796377116,56.716489113869535,59.16130233528893,60.19339862581109,68.22233501459353,70.93009750985212,70.54421053895668,73.23645054131465,77.95459625391666,81.21808041194873,85.21495514740128,85.03721643485395,89.64040274820832,94.07287678386871,93.15563742365248,97.15559523197385,95.3980992168345,96.10158484065123,101.65077041166452,105.31933445995885,105.76129731444378,109.23579794631215,115.12775249645946
77770,62.53429345407872,82.25303700977052,82.33343303702974,93.45931412230149,94.0770802917324,95.00529326201726,98.80498523829321,100.0882445215901,103.2210743587477,107.07771595790715,109.09601609125247,113.5497617420314,114.13724470693143,115.92689111829982,115.98943262818135,115.14848140502673,116.63609925253384,123.73984510289651,121.47292072827472,115.80881693818702,123.1931972043056,125.82077592803353,129.7105823755489,134.07173034977092,136.79119811389836,140.91403578759127,136.07002304796586,139.9824601641265
78229,54.51386228709314,58.084686698014515,56.30506836189195,59.14883404452837,55.04611474407918,54.797325648109485,62.23358569130916,63.124369872062296,68.39837725322921,80.57259893392147,94.09691384416489,97.38674306843647,108.35834694907173,111.17006453460174,118.42467515835956,127.63449824455535,145.19013019564466,140.70750557548016,148.071252412883,143.18784264763576,141.10214566321204,138.97778838718293,146.08926242624003,148.46894816307287,160.12263756842685,154.41785372795042,157.62152784485548,151.52236885532523
78499,94.55504293654117,99.87152392290878,103.82829244558533,105.51543972185382,106.87934380455452,113.79882953053645,121.39812404568674,123.87712219388081,133.937311770342,155.9788389769734,170.41878446433782,191.44775095241428,181.38194958694146,178.99040640726585,177.8802089875891,178.95674663513327,192.4371385037175,210.89898761810144,216.07890948037573,200.93860197590038,207.70734961708362,213.24960268870268,224.82059894187967,233.11981765321949,229.02042108216997,256.4844644025721,237.30455894276966,267.7209165993185
78580,95.20771783088449,107.19876293300881,107.6907132649076,114.8727892731774,121.8993441980317,107.22975749875297,100.21166016841761,101.8978286593922,106.20198865228792,105.19735779812221,99.41947293261552,96.61179723306716,93.14572488225309,91.10849849833832,93.09779906762321,94.71026906233789,99.16319268170359,105.92695849401878,98.28137157107786,98.28455288101549,103.11091007564511,103.0034337799371,105.22421791474424,106.17164661300114,113.99502170539725,117.10774784721329,111.40963900860669,108.27762505978755
78661,71.26662844318747,74.69291689741189,71.7551374239693,69.22701315755967,73.8706306169746,75.84969282230797,75.76075530053974,78.06853995207744,74.17055455177973,70.71403343225184,65.9418334344768,67.64908675252087,63.29057507318836,67.02971338179923,67.72409509462807,64.8601059428233,114.92812023315726,115.75106667714842,116.67410949300407,113.77591022085106,110.78306127134108,112.53706082959812,117.06174711816655,115.79810964575262,121.1006929948482,123.28276105751294,127.03508858674547,129.1229394777314
78904,434.75201968364445,488.74014775986797,468.6510425331667,472.2793654256196,460.95641723859916,465.7696339438531,462.9496451614043,486.59324243793134,502.90204270699843,528.9198557908459,533.53707673209,568.9306887660595,560.1683211630035,551.8363767192203,564.3895547490068,555.3006117779345,594.1604048906316,616.1335305460623,633.1005368239429,613.1102229695103,598.7025392742091,601.043385586493,617.1751016665189,624.8100112047656,656.5782840684295,698.1563134209424,693.5601693379648,706.4541327856058
79039,189.11364379838218,200.9342037988226,190.400907422617,179.8870477061543,168.57035447820215,172.4171318757403,166.88368323331292,177.80774251111146,188.81717962314124,215.16201456871158,215.5163933897726,284.5489023316567,261.98695157302495,225.16464434109045,217.74246306103237,221.57612661907623,222.38093247430285,209.85174442494184,207.9275878288759,201.14404418919855,197.70873233752982,197.93872313310413,202.90866283556716,206.52342935082783,210.47811056946998,216.58220900191415,222.71186116949616,232.18798565233413
79093,30.61310213220495,29.39177583715878,29.354009846589577,50.679021102902446,54.72483480698961,58.97716254730699,57.30303993530845,67.5964415182915,66.42920288662499,56.78934876608199,56.952970235102605,96.57698070662525,61.761136294242185,68.61235592695488,94.55091536457338,90.86923817803167,92.48175569097951,113.4982175895335,127.57203526231118,124.77905230674051,126.7067897905971,126.8747492418308,117.02534879231935,114.42957337568726,113.42342703065358,107.73932458141691,88.45544564792476,93.35396276391279
79282,70.12653784562663,76.53380650603212,69.94450061983355,72.77522296641851,76.07502307462606,76.77725130349748,75.91559221537376,74.56728308368518,79.33599510019634,83.44702102060583,89.42833700021987,100.2317818585366,101.50011782846668,107.69008240885121,107.64903717352567,115.38027538899053,117.10962414723878,126.80245584129916,136.81688953190886,129.87319079988262,134.03834155270627,121.69706992411024,121.15467271488933,120.32568350258131,122.22925097045078,122.79757577540084,124.56360419911864,127.03661898644064
79336,242.2952449166804,229.05046498187357,234.72912918205495,217.55379824660895,201.27920477395082,231.19157282631696,201.5560132395459,201.12964073822536,213.49001794570734,222.82393166738692,242.93054135119422,257.23391991411586,250.76175480678666,249.82360338949243,248.3653062730023,239.31672541626153,226.65101424015427,250.74072754840708,264.08449696546,257.3354624490836,250.31381110389785,256.31399324310655,262.6838506949575,275.03147442160616,272.6718462088324,269.8151109415936,260.6722478703433,278.0769554608491
79417,12.419168624543545,12.185515261190309,13.72851345268961,16.75353253001281,15.388395156017658,15.816977664486226,15.440965842664747,15.328227125910018,17.576060866750154,19.280216786835663,20.52731798997626,22.2035083949461,24.534289482360695,27.83281524486282,25.48268983085286,30.004477908068775,38.39048837537872,36.48853048309506,35.98504748954406,36.27577697509155,48.37619023567305,52.00808876264809,46.92304830479613,36.46452855264939,37.11115003259674,35.7965297113209,29.103857881044444,33.406532940040165
79498,47.38592548157491,49.775273519476194,52.57015645772537,54.385722005364165,52.71053835335796,56.37129695570356,55.85843299091026,56.514744225421325,59.56347087790797,62.89527074516419,68.34095728040599,71.81574674204998,77.68526407394481,81.55338442772619,83.06865552123651,84.52533222023683,88.6100912789,90.88487100332351,94.44476870330283,87.21978600616134,88.12373929594426,87.55379113797673,87.28737258282115,88.02399229155364,89.35408227841357,93.93767345165864,97.65840108694086,178.183855467939
79768,76.80293126393956,74.63983109507525,76.40609413147773,74.19185306987137,76.12238373681622,74.28802448165493,72.0775944419323,67.55434241941902,69.30762962308424,71.59399663974393,70.6649715874017,66.22764069777443,73.06006836296734,70.49475979232689,70.38158068470977,73.40592630417305,74.11934657480043,72.80900123614191,75.78064004851794,69.83828601572418,66.83446964360263,67.38142311165674,67.40034908519505,76.46934575123908,77.96807307351426,74.70728995828334,77.31408502894898,75.66658418275422
80227,45.31686089334983,43.68389933204151,41.171643641230105,40.01861907710534,34.579148411451875,33.36662061582094,31.52316442589428,31.717769551328555,32.08335245056284,32.426319150153695,31.450991280385118,31.559364352779006,34.34107289348935,35.94254840179847,36.822583052112364,37.99126500445323,38.38453813424215,39.907270616049445,41.26747096874757,41.4347000283945,44.28314850029797,50.36942131488605,63.595485839661244,66.67109558803278,71.44863189764781,68.16787959653561,69.71144843445624,65.59518334885554
80362,109.86535589104837,110.51544775337659,109.27101093188331,113.96908643710839,112.49300980152921,121.37079034503161,123.58307081930242,128.67514539434546,137.25905537496877,158.97133219506793,174.3026789734354,183.96575805309345,200.98729013644711,203.83628942837512,208.0067331714621,224.05192279422303,241.77074122568357,249.06827277223877,270.9263162283195,265.1362294340754,297.3763495980774,317.00705977840573,299.55815374397764,301.50615129617574,319.9650496474841,317.0239408103866,345.1797989650726,355.9731076567815
80389,216.97052791717448,280.05134173449534,288.226237634888,294.3560299808018,285.22844973097494,292.0765223746756,299.49812188187406,310.96049791279364,329.7743733085094,322.7074556041544,330.0765261452802,346.58358367365133,351.1164826013269,354.14370666175245,365.3192271971526,376.6067199225689,404.20206880262697,420.21609936636247,419.382213941545,419.5367044955467,419.08310549566556,413.3567681788234,406.2316325502418,406.1318992096944,404.5974020710843,423.40125260720083,436.0382896882318,456.8381014497878
81739,36.09236345897092,36.93504186763616,36.366834899168865,37.462736586556545,37.47054614321674,37.06674294763185,34.99728991806329,34.75654190626478,37.59853494886584,37.94718348680921,38.456477995903555,39.86066689775688,39.24538533514801,40.40685626460479,43.208467964324356,44.306578052868325,48.7087444446351,50.57900410790815,48.261622270848434,48.28352171963787,51.8754008915015,51.10316399487544,52.71176254115383,52.13876384452779,49.34451233824609,46.22865826171295,45.50257587363306,45.932264496774394
82252,45.820533590648786,44.39448524445777,41.68473107151949,44.211768585944895,43.086299742319746,40.76106887043412,41.04076119951631,42.02442640977523,43.41421555852467,46.44114002567612,46.50055509935214,46.892384666644816,47.06105345016411,46.98916965803148,46.97391736209506,48.33262561314349,50.18276777941016,54.91273934295062,49.82735202909635,52.91344052454301,51.649513037123626,52.160396130678215,50.943033565572655,49.991627777301005,49.37709388892257,47.664778499340144,46.529407359044825,45.88989353350519
83116,37.77752361072069,35.972081443000604,35.80378883037559,34.95423881579285,33.02062776907153,32.62433025781824,31.808805605259913,31.98401244369288,33.97188934229656,37.3198996446278,35.74052693106853,36.057837246757565,39.78419218429976,38.32895598546982,40.18434934959916,41.6718660807317,42.40345345453498,42.02634918006853,40.254469114029256,41.41413474268033,43.009429550607095,41.09059087112811,39.46237999278507,39.20220889863554,41.0240591798359,38.12135138738726,36.112729522941535,38.15679883007517
83764,128.14898122195808,149.63977164711608,150.5166531596063,152.71530788534935,161.6442958461294,160.6771035042315,159.78118039310473,154.92960895577625,154.28409107088797,143.9935020796964,140.01415736981184,146.57946765859518,139.794786532885,136.5705538372248,149.78846985181968,157.49266133776234,163.60254066406776,176.0538511320488,167.35784354730214,169.67402513853912,162.37991951483562,156.20881382767445,154.5332609393584,154.38686684029523,155.565826793402,149.05709090408524,154.6174138256231,157.72334271794855
83899,50.199155415152035,52.05770735958954,51.0407157462468,53.63027437744484,54.81819012226857,54.69708603167419,51.25050293529417,51.047013609202665,52.690605408628656,57.258964304561765,55.80272426282693,58.99019098469691,62.218160424437364,60.17608909760139,61.8958014031878,67.7176942174921,67.51563129025764,72.60943474512918,82.74779488712812,81.87388381723119,85.15268000659219,85.599846700434,86.74573466359402,87.28334751995422,92.33083584390388,93.59016719176448,89.26708703402554,89.54038656326786
83926,12.488012646571205,52.202736213246844,52.997114046177934,52.84363681505034,53.309786908952006,55.353311866581585,16.114010269414404,16.64802709139968,18.291100135728072,22.52801385933081,25.18899742704549,64.63770775171997,65.23459802432428,67.57588289537753,67.41037091980942,65.32312632903992,65.97198814483858,70.14058805315045,69.7977589818795,66.81397781845268,66.50596383523364,70.45084463149297,73.41273815876187,76.95582590097325,86.04158822908227,93.27618007407285,94.41819329583853,99.33691914511633
83953,31.879585323613366,44.37654330338883,39.22372204231107,44.02856645237224,37.84265404034963,39.84235876024911,35.776100957874924,32.02426233641641,31.4461459012269,30.061301185094226,31.6417744409921,33.44076117225164,36.34668844753961,27.358037053540464,35.66693323764634,35.37794499207937,34.182507965389604,35.729544967082184,33.80172454866689,30.47971339658723,32.689822427906854,33.09255071723812,34.68704723833123,33.55974183993682,33.55572570489155,32.40676432289681,34.11794676491459,33.251191563090266
84493,91.79504719889617,87.69305996343579,84.99833752534286,80.60130041457221,79.71927854401282,80.0309417095914,77.22827118959839,82.04784596738652,93.57541905608203,109.84081151025282,123.2788022225183,121.20044008533363,116.36496190067618,117.29257742091775,118.9959407570667,120.63671548744928,122.43059086287043,127.71276707018724,143.16694570836094,151.7026758519163,159.4243606985152,158.64677129550597,166.81844453044636,175.12296990493462,182.04528283676734,181.23213234019573,202.8268510439267,209.89966328826924
85087,56.13949528013738,64.45509198448792,65.63125304609866,62.66145432857302,67.47539759453552,67.58867731498867,70.31421213452985,68.54488219193053,90.99709080799332,110.53248175571827,115.48680105489493,159.8029210883935,163.36858445259924,146.45268863734492,142.19212780171853,148.42377748639234,152.31128952394425,153.21062356736067,146.02323337800763,130.2615821745108,126.58569451038154,123.28457077262539,125.15884113802113,124.0258837913904,128.31606931563684,127.34448995471729,133.9523614158202,131.30204095707455
86302,47.43685044973875,84.5661002417389,80.66629220306048,90.02944336779288,89.1894907050782,84.04842418620917,79.25346588596867,77.29503325363454,75.04728734688211,77.10511868017858,77.12066014288831,87.3908024165892,100.66639812936836,104.8668199466773,103.00270154039234,104.75330954015448,109.71771454818203,109.43051410865756,118.7766684356864,122.39077056933672,116.55719075734444,113.18287275483975,114.19275531346939,115.50512193875612,121.15637768537313,171.92500808838395,168.7692777537142,171.0473787256508
86464,59.221791002278835,60.66477101128846,63.42680555984148,63.6407282449359,62.73545453569396,63.949155583245286,63.23448828268672,58.86408556480791,58.173493331145714,61.930273239695964,62.84402938297942,67.95315924451614,68.75320341918497,66.78651003446905,60.17138459694893,59.12835195407822,65.46567313475771,67.99287543193907,61.32484837434843,62.23159508088851,68.66818232746364,69.66240786128331,73.38952782862697,63.51902866853126,69.16946257141952,72.0897495669764,74.30250732578678,74.65023478789377
86599,38.68260200309186,45.37135311830927,45.81765469214276,47.74012925677916,46.170247116833806,50.45215079428098,41.62912290111086,41.236572479475974,41.63227874158794,44.21113563469989,45.90370449573642,46.21348013956836,47.65968717080258,52.54905919350927,55.15382787633447,55.706391036508066,61.235849613821664,59.50852981640218,63.12548402501044,60.64970978448631,59.30419440368248,55.670885084145915,57.33330640380219,58.14073181404089,58.61091166651234,57.18244156178679,60.171280296931634,61.80770249376977
87139,27.80919038768533,27.311747117521474,26.97034864972741,23.972393883219837,25.491083506435746,26.163074329089905,23.38819365728051,18.134774028056633,17.66530935715574,17.829743642200206,21.538592243320167,17.510651300703586,21.397050495359544,19.960959755818234,20.31042350994208,20.920859099635656,23.48876391831583,28.60386438183214,30.6485395974483,28.09978469903754,32.63633070730364,27.4982686255228,29.55096614719918,30.776798549448984,31.30781304860177,29.660196142913133,29.4763325211603,33.887755349598535
87868,66.75115896221497,67.34578955992936,59.904966884127646,59.279549153649775,54.241706445105756,55.08821377964576,53.375327049464886,51.95557962758997,51.22945223931406,56.879161234668935,58.191134288625506,63.14954167841942,68.94763658856697,68.0210926250438,71.16454236070065,68.84568441270514,68.63953130061708,68.04887465844492,64.64696084100673,57.21947565330315,59.35454164354706,58.70358505722276,54.91249950877279,56.75915029503158,59.53701018010625,62.87695589181273,59.41880183178633,59.273174792331865
88084,19.513935722303692,33.92666700895575,34.34036234309881,35.39911376146101,35.18824321562121,34.7921514161566,35.02179731975711,35.97000495060046,37.297149060285214,38.2089594160773,40.59279178598868,41.514318071509464,44.05027254045486,46.89008107160424,47.718924466500816,47.80193713968459,56.863572516500255,58.05012981998381,58.88039576236008,54.65936417705755,56.24892359754824,55.986609669492054,49.12559515734119,54.94458035302494,55.61489667301056,52.127104064651085,52.96762298742771,53.88142291408569
88732,63.055853580282985,62.77202379126104,64.98679946939076,66.60551482942718,66.85553867948911,65.61843368359712,64.83768774209703,66.99630887902443,71.92685817324664,73.09634083115326,73.17453688349514,73.93847447203744,75.47488724873713,78.82487001232145,82.02236463085943,84.14161746094825,86.91836155739789,86.4827343658155,88.78658835963807,88.12549536322372,91.05564893106822,91.9198119215892,91.48321465097354,93.17371474008574,97.5418040246425,93.66829171258648,92.56787011935963,95.55153350912349
88948,25.03123524735086,30.769279658251772,31.20708083176509,31.596459614081137,32.749365380163766,33.63723656145846,31.187078926428565,33.4135953583139,41.65030982972195,40.77848445586956,39.074827704493714,39.56521663877153,37.50430751923584,30.598158679720797,31.456978022016145,33.121104817797644,32.41086225560164,32.66084845664406,33.13978260080861,31.08447019944265,29.00737555934964,28.495583011724104,28.73837362351121,27.954234939581625,27.26867390669103,27.327603964249125,28.310590749728394,28.75154637920626
90946,63.261327697125836,55.43309489404859,43.25465247636602,35.63465791856547,35.378050109706805,35.445244921463406,34.961680515376436,34.331726353307644,32.39943856766286,32.723697828209254,31.852180746130053,30.68430047719101,29.99382600720787,30.183255379428285,35.21833009790617,42.68695524148128,37.131626685510284,41.297955004662356,48.74860589398589,45.137217928385056,48.167424299425164,51.916631623100294,44.97999535042812,47.01430854056092,47.425966619223004,52.28297474837117,52.735666563809104,60.128299809941566
91027,12.384157472550898,13.25299361511586,13.843409643072855,14.907678491899508,16.25568677696693,16.28232507829709,15.68890508013158,16.696128784429774,19.421388764593416,19.443816050753163,21.64231929652647,21.603474406816357,22.20266705252739,23.655612472048105,25.393205952074574,27.10233055077655,27.33642062367966,28.22842377567609,28.08569109915467,28.654765473498344,30.497991154860582,29.486040828867694,30.246862320558378,30.78992275815348,34.746414067908496,36.33712948411886,34.84140783450453,34.76413569401271
92242,332.64180291013906,328.7006115960226,334.6160023180394,332.3009359343072,329.01597368811326,320.9354110554929,289.5258872476229,301.1744958391944,302.21324217814447,315.73748549925364,328.00234582337526,336.8214669702015,346.1190500693137,368.8608847652342,381.20361144461305,403.3116168312879,418.85890298491313,426.483781024191,445.64276422669184,440.1674857480648,447.83751719498235,434.33649391913707,441.2959884983324,446.25872562616667,465.6987779182781,456.0746436691632,452.33054619526695,465.68832083568515
94726,29.191189847625434,33.81383955188753,32.653107891106764,34.390999204600874,32.56629403234393,33.962799006043674,34.372716044260464,33.81794242560612,37.72922247103257,39.857013654519676,39.60948176179964,40.06027664714253,42.13195246633399,44.011016435693456,46.440257351222336,47.9434496231415,46.56495767093966,48.14859536475852,45.85783779225802,49.155739161870194,52.24489272608571,53.437508165878384,56.415480666646715,58.45736567448279,61.501036388760944,66.79729157394058,66.10940934101286,67.87392755355488
95077,23.907273015344597,24.71647348579088,23.876348578047825,23.078869702329005,22.747097514122018,20.852318107310506,18.55322526754256,18.279074485609687,20.2807801817494,23.186224213633853,26.84983682093827,26.141967783519632,27.453368972521098,26.786248248393015,28.896622399861716,29.109374111230718,28.882832931686544,31.08258944650045,33.43925172380132,32.78262967205206,33.628192484835196,32.59122134372478,30.480913081239848,30.99187988843664,28.668050118068514,28.178311236146875,26.69150845897135,26.51431278998407
95455,54.44940606936594,53.336616456831166,52.768383805507355,54.09403670381404,54.76103922091782,55.35219971596376,49.69448889358741,52.077016789689715,57.44311805450436,60.10020264818378,60.694594178345916,64.54384517548382,69.99216446753864,69.53547648772368,72.38301878317718,79.52047456507132,89.4408640413306,88.59379150233842,98.15747122651744,97.30388806456719,105.52409749960736,110.09237096050714,117.83236440851553,121.4945508438304,128.69814021684385,130.82249142923544,132.42860526899713,135.70353064202817
95833,21.957113265604463,20.157339286539475,19.317619703727036,18.68541194984406,17.850709071818034,16.68399219785292,16.20355899062016,16.854890736811104,16.51748539993381,16.62017065322785,17.633678668289427,19.676702165453538,18.748722126828405,20.99646648901544,26.750093288039494,25.504241566052055,28.934249483476183,36.94938010267389,35.41071083789557,34.28074366755194,37.78041715537839,38.706627925016605,37.55610606734787,37.12580491292277,38.26785176409233,36.7979817316633,33.653192599342646,34.619172134925016
96670,36.539128031990565,37.98468523358078,37.57193269037591,38.012565187504386,38.67781666752163,37.57514816127198,37.562479386234116,36.96384809374143,36.44782935632113,35.83211610762386,34.71418428975738,33.47460165544388,33.35533048424331,33.794768091146175,34.78370178757707,35.009786700304765,33.56641485764904,34.7865609910893,35.269811132519,33.513570689053054,34.78810105878144,35.55529247396332,35.173879256540495,35.70296235246352,37.01398643517136,38.80501784790088,38.99580566034072,41.125697020537224
97291,41.36990374999707,55.142192015007794,55.01877099787207,55.78101093983725,53.62186207663664,52.11622380753344,48.935437823088826,48.240258896680245,48.61924765097191,55.129022910625864,55.3639528800534,54.61184812087334,56.73801835429017,52.213439778573004,47.10240470621641,49.780951130084,49.499682124875406,48.2344018550291,46.42715776130562,45.13260260394524,46.591332135220675,43.557288477783175,46.37821508437871,48.54475519024575,50.830459819687945,53.186735881327806,53.653830937521334,51.4315673471078
97507,59.93299184041242,63.24706015718777,68.93361101466989,70.8238992339215,64.96802512038447,64.58670074861658,57.456047354006536,58.28789268032008,57.72763262074425,53.237552839969766,52.35649961505299,56.14357414037163,57.1198015236511,59.4096586063315,62.62292465225371,64.03598454131209,65.36859128800656,70.6400401510949,66.41176014914889,66.61239340591553,66.6532517643561,66.81803525365434,65.40702382361584,65.09049291213151,66.78837420392946,63.09315174720109,63.47881692298761,64.8364967409386
97831,18.420722423651537,17.396213154552417,17.2026653433841,17.41699332179655,16.148384137409998,15.996937484964887,16.363612945485023,16.121459286891792,18.74020153599151,20.15784739561558,20.443995041942195,21.240995023631932,22.647726067193837,24.160695239312787,25.515912862557794,24.67379487273079,20.365407701076375,16.047761350434357,20.836293230656903,24.054666614660373,25.94557834830829,26.623848716441312,27.886026177438346,28.77890293322035,30.009885278857293,31.117691603225403,32.32511721595604,34.608692413326516
